aircraft,manoeuvre,variant,es_max,n_gated,n_flagged,n_cand,phys_recall,phys_precision,phys_cat_recall,phys_auc,gated_recall,gated_precision,gated_auc,agree_dynamic,correct_dynamic,agree_static,correct_static,gated_cat_recall
737,cruise,B_elevator_drag_8819410c,0.9046687726141242,0,9,10,0.38461538461538464,0.5555555555555556,0.8,0.6068376068376068,,,,0.1111111111111111,,0.1111111111111111,,
737,cruise,B_ground_effect_9c058118,0.0,0,2,10,0.0,0.0,0.4,0.4017094017094017,,,,0.0,,0.0,,
737,cruise,B_pqrdot_5ad2694c,0.7325864307946409,0,3,10,0.13636363636363635,1.0,0.6,,,,,0.0,,0.0,,
737,cruise,B_turbine_windmill_2db8e408,0.0,0,2,10,0.0,0.0,0.4,0.4017094017094017,,,,0.0,,0.0,,
737,throttle_step,B_elevator_drag_8819410c,0.4349284194916308,0,4,10,0.23076923076923078,0.75,0.4,0.4871794871794872,,,,1.0,0.75,0.75,1.0,
737,throttle_step,B_ground_effect_9c058118,0.0,0,0,10,0.0,,0.0,0.7777777777777779,,,,,,,,
737,throttle_step,B_pqrdot_5ad2694c,0.010513798600285161,0,0,10,0.0,,0.0,,,,,,,,,
737,throttle_step,B_turbine_windmill_2db8e408,0.0,0,0,10,0.0,,0.0,0.7777777777777779,,,,,,,,
737,elev_doublet,B_elevator_drag_8819410c,1.0656951816504618,0,13,10,0.46153846153846156,0.46153846153846156,0.6,0.4700854700854701,,,,0.07692307692307693,1.0,0.07692307692307693,1.0,
737,elev_doublet,B_ground_effect_9c058118,0.0,0,0,10,0.0,,0.0,0.49572649572649574,,,,,,,,
737,elev_doublet,B_pqrdot_5ad2694c,12.034372807903235,1,2,10,0.09090909090909091,1.0,0.2,,1.0,0.5,1.0,0.0,1.0,0.0,1.0,1.0
737,elev_doublet,B_turbine_windmill_2db8e408,0.0,0,0,10,0.0,,0.0,0.49572649572649574,,,,,,,,
737,elev_step,B_elevator_drag_8819410c,1.5327711243773996,1,11,10,0.8461538461538461,1.0,0.8,1.0,1.0,0.09090909090909091,0.9047619047619048,0.45454545454545453,0.8181818181818182,0.18181818181818182,0.8181818181818182,1.0
737,elev_step,B_ground_effect_9c058118,0.0,0,0,10,0.0,,0.0,0.4188034188034188,,,,,,,,
737,elev_step,B_pqrdot_5ad2694c,11.584416248170125,2,1,10,0.045454545454545456,1.0,0.2,,0.5,1.0,0.9249999999999999,1.0,0.0,1.0,1.0,1.0
737,elev_step,B_turbine_windmill_2db8e408,0.0,0,0,10,0.0,,0.0,0.4188034188034188,,,,,,,,
737,aileron_step,B_elevator_drag_8819410c,0.024566583189251874,0,1,10,0.0,0.0,0.2,0.33333333333333337,,,,0.0,1.0,0.0,1.0,
737,aileron_step,B_ground_effect_9c058118,0.0,0,0,10,0.0,,0.0,0.5213675213675213,,,,,,,,
737,aileron_step,B_pqrdot_5ad2694c,0.014721869787696929,0,0,10,0.0,,0.0,,,,,,,,,
737,aileron_step,B_turbine_windmill_2db8e408,0.0,0,0,10,0.0,,0.0,0.5213675213675213,,,,,,,,
737,rudder_doublet,B_elevator_drag_8819410c,0.012320263910339175,0,0,10,0.0,,0.0,0.6495726495726496,,,,,,,,
737,rudder_doublet,B_ground_effect_9c058118,0.0,0,1,10,0.07692307692307693,1.0,0.2,0.4700854700854701,,,,0.0,1.0,0.0,1.0,
737,rudder_doublet,B_pqrdot_5ad2694c,0.0010396125509128328,0,1,10,0.045454545454545456,1.0,0.2,,,,,0.0,1.0,0.0,1.0,
737,rudder_doublet,B_turbine_windmill_2db8e408,0.0,0,1,10,0.07692307692307693,1.0,0.2,0.4700854700854701,,,,0.0,1.0,0.0,1.0,
737,bank_hold,B_elevator_drag_8819410c,0.023621224311311483,0,9,10,0.38461538461538464,0.5555555555555556,0.6,0.7692307692307692,,,,0.2222222222222222,0.4444444444444444,0.6666666666666666,1.0,
737,bank_hold,B_ground_effect_9c058118,0.0,0,5,10,0.15384615384615385,0.4,0.4,0.5982905982905983,,,,0.2,0.0,1.0,1.0,
737,bank_hold,B_pqrdot_5ad2694c,0.015505978484629881,0,5,10,0.22727272727272727,1.0,0.4,,,,,0.2,0.0,1.0,1.0,
737,bank_hold,B_turbine_windmill_2db8e408,0.0,0,5,10,0.15384615384615385,0.4,0.4,0.5982905982905983,,,,0.2,0.0,1.0,1.0,
737,flap_extend,B_elevator_drag_8819410c,0.03227067567276178,0,4,10,0.3076923076923077,1.0,0.4,0.9487179487179487,,,,0.5,0.25,0.0,0.25,
737,flap_extend,B_ground_effect_9c058118,0.0,0,0,10,0.0,,0.0,0.9487179487179488,,,,,,,,
737,flap_extend,B_pqrdot_5ad2694c,0.5192465526871186,0,1,10,0.045454545454545456,1.0,0.2,,,,,1.0,1.0,1.0,1.0,
737,flap_extend,B_turbine_windmill_2db8e408,0.0,0,0,10,0.0,,0.0,0.9487179487179488,,,,,,,,
737,engine_cut,B_elevator_drag_8819410c,2.010769257510675,4,20,10,0.8461538461538461,0.55,0.8,0.8205128205128205,1.0,0.2,0.75,0.6,0.7,0.55,0.0,1.0
737,engine_cut,B_ground_effect_9c058118,0.0,0,0,10,0.0,,0.0,0.27350427350427353,,,,,,,,
737,engine_cut,B_pqrdot_5ad2694c,0.031482007334041065,0,0,10,0.0,,0.0,,,,,,,,,
737,engine_cut,B_turbine_windmill_2db8e408,0.0,0,0,10,0.0,,0.0,0.27350427350427353,,,,,,,,
737,climbing_turn,B_elevator_drag_8819410c,1.0282803917483603,1,9,10,0.5384615384615384,0.7777777777777778,0.8,0.7948717948717949,1.0,0.1111111111111111,0.8571428571428572,0.5555555555555556,0.6666666666666666,0.4444444444444444,0.4444444444444444,1.0
737,climbing_turn,B_ground_effect_9c058118,0.0,0,1,10,0.0,0.0,0.2,0.20512820512820518,,,,0.0,0.0,0.0,0.0,
737,climbing_turn,B_pqrdot_5ad2694c,0.005531702871578021,0,1,10,0.045454545454545456,1.0,0.2,,,,,0.0,0.0,0.0,0.0,
737,climbing_turn,B_turbine_windmill_2db8e408,0.0,0,1,10,0.0,0.0,0.2,0.20512820512820518,,,,0.0,0.0,0.0,0.0,
737,elev_doublet_distractor,B_elevator_drag_8819410c,1.2977104705426006,1,1,10,0.07692307692307693,1.0,0.2,0.3504273504273505,1.0,1.0,1.0,0.0,1.0,0.0,1.0,1.0
737,elev_doublet_distractor,B_ground_effect_9c058118,0.0,0,0,10,0.0,,0.0,0.26495726495726496,,,,,,,,
737,elev_doublet_distractor,B_pqrdot_5ad2694c,0.00018585866040304937,0,0,10,0.0,,0.0,,,,,,,,,
737,elev_doublet_distractor,B_turbine_windmill_2db8e408,0.0,0,0,10,0.0,,0.0,0.26495726495726496,,,,,,,,
737,engine_restart,B_elevator_drag_8819410c,1.968160373589455,3,21,10,1.0,0.6190476190476191,1.0,0.8547008547008548,1.0,0.14285714285714285,0.7543859649122807,0.8571428571428571,0.42857142857142855,0.7142857142857143,0.2857142857142857,1.0
737,engine_restart,B_ground_effect_9c058118,0.0,0,8,10,0.46153846153846156,0.75,0.6,0.717948717948718,,,,0.125,0.5,0.125,0.375,
737,engine_restart,B_pqrdot_5ad2694c,0.01632629698187404,0,8,10,0.36363636363636365,1.0,0.6,,,,,0.125,0.5,0.125,0.375,
737,engine_restart,B_turbine_windmill_2db8e408,7.910440929496425,6,19,10,0.7692307692307693,0.5263157894736842,1.0,0.4358974358974359,0.8333333333333334,0.2631578947368421,0.5,0.7368421052631579,0.8947368421052632,0.8421052631578947,0.10526315789473684,1.0
787-8,cruise,B_pqrdot_5ad2694c,35.97535068899575,2,2,10,0.09090909090909091,1.0,0.4,,0.5,0.5,0.75,1.0,,0.5,,1.0
787-8,cruise,B_turbine_windmill_2db8e408,0.0,0,1,10,0.0,0.0,0.2,0.4273504273504274,,,,1.0,,0.0,,
787-8,throttle_step,B_pqrdot_5ad2694c,0.005846575972395276,0,2,10,0.09090909090909091,1.0,0.2,,,,,0.0,1.0,0.0,1.0,
787-8,throttle_step,B_turbine_windmill_2db8e408,0.0,0,2,10,0.15384615384615385,1.0,0.2,0.5897435897435898,,,,0.0,1.0,0.0,1.0,
787-8,elev_doublet,B_pqrdot_5ad2694c,4.52816528551827,2,2,10,0.09090909090909091,1.0,0.2,,1.0,1.0,0.975,0.5,1.0,0.5,1.0,1.0
787-8,elev_doublet,B_turbine_windmill_2db8e408,0.0,0,0,10,0.0,,0.0,0.48717948717948717,,,,,,,,
787-8,elev_step,B_pqrdot_5ad2694c,4.239126960699484,1,6,10,0.2727272727272727,1.0,0.6,,1.0,0.16666666666666666,1.0,0.5,0.8333333333333334,0.16666666666666666,1.0,1.0
787-8,elev_step,B_turbine_windmill_2db8e408,0.0,0,4,10,0.23076923076923078,0.75,0.6,0.5982905982905984,,,,0.5,0.75,0.25,1.0,
787-8,aileron_step,B_pqrdot_5ad2694c,0.0328601343734771,0,1,10,0.045454545454545456,1.0,0.2,,,,,0.0,1.0,0.0,1.0,
787-8,aileron_step,B_turbine_windmill_2db8e408,0.0,0,1,10,0.07692307692307693,1.0,0.2,0.3076923076923077,,,,0.0,1.0,0.0,1.0,
787-8,rudder_doublet,B_pqrdot_5ad2694c,0.0015371311105082637,0,0,10,0.0,,0.0,,,,,,,,,
787-8,rudder_doublet,B_turbine_windmill_2db8e408,0.0,0,0,10,0.0,,0.0,0.11111111111111113,,,,,,,,
787-8,bank_hold,B_pqrdot_5ad2694c,0.04502613582620566,0,0,10,0.0,,0.0,,,,,,,,,
787-8,bank_hold,B_turbine_windmill_2db8e408,0.0,0,0,10,0.0,,0.0,0.3418803418803419,,,,,,,,
787-8,flap_extend,B_pqrdot_5ad2694c,16.34617790894098,2,2,10,0.09090909090909091,1.0,0.2,,1.0,1.0,1.0,1.0,1.0,1.0,0.5,1.0
787-8,flap_extend,B_turbine_windmill_2db8e408,0.0,0,0,10,0.0,,0.0,0.5897435897435898,,,,,,,,
787-8,engine_cut,B_pqrdot_5ad2694c,0.02654961721455955,0,1,10,0.045454545454545456,1.0,0.2,,,,,0.0,0.0,0.0,0.0,
787-8,engine_cut,B_turbine_windmill_2db8e408,0.0,0,1,10,0.07692307692307693,1.0,0.2,0.5042735042735043,,,,0.0,0.0,0.0,0.0,
787-8,climbing_turn,B_pqrdot_5ad2694c,0.00405084629864729,0,0,10,0.0,,0.0,,,,,,,,,
787-8,climbing_turn,B_turbine_windmill_2db8e408,0.0,0,0,10,0.0,,0.0,0.6581196581196582,,,,,,,,
787-8,elev_doublet_distractor,B_pqrdot_5ad2694c,0.00024218084949829375,0,0,10,0.0,,0.0,,,,,,,,,
787-8,elev_doublet_distractor,B_turbine_windmill_2db8e408,0.0,0,0,10,0.0,,0.0,0.27350427350427353,,,,,,,,
787-8,engine_restart,B_pqrdot_5ad2694c,0.0041710083180548875,0,0,10,0.0,,0.0,,,,,,,,,
787-8,engine_restart,B_turbine_windmill_2db8e408,7.015450992884206,4,17,10,0.6923076923076923,0.5294117647058824,0.8,0.2905982905982906,1.0,0.23529411764705882,0.7777777777777779,0.8235294117647058,0.47058823529411764,0.7058823529411765,0.0,1.0
A320,cruise,B_pqrdot_5ad2694c,11.963844932100377,1,6,10,0.2727272727272727,1.0,0.6,,1.0,0.16666666666666666,0.8571428571428572,0.16666666666666666,,0.16666666666666666,,1.0
A320,cruise,B_turbine_windmill_2db8e408,0.0,0,5,10,0.23076923076923078,0.6,0.6,0.5042735042735043,,,,0.0,,0.0,,
A320,throttle_step,B_pqrdot_5ad2694c,0.0010887711313869778,0,4,10,0.18181818181818182,1.0,0.4,,,,,0.0,0.75,0.0,0.75,
A320,throttle_step,B_turbine_windmill_2db8e408,0.0,0,4,10,0.23076923076923078,0.75,0.4,0.3418803418803419,,,,0.0,0.75,0.0,0.75,
A320,elev_doublet,B_pqrdot_5ad2694c,32.093942605532,2,2,10,0.09090909090909091,1.0,0.2,,1.0,1.0,1.0,0.5,1.0,0.5,1.0,1.0
A320,elev_doublet,B_turbine_windmill_2db8e408,0.0,0,0,10,0.0,,0.0,0.5128205128205129,,,,,,,,
A320,elev_step,B_pqrdot_5ad2694c,22.878767894816843,2,5,10,0.22727272727272727,1.0,0.4,,1.0,0.4,1.0,0.2,0.4,0.0,0.2,1.0
A320,elev_step,B_turbine_windmill_2db8e408,0.0,0,4,10,0.0,0.0,0.4,0.017094017094017103,,,,0.0,0.5,0.0,0.0,
A320,aileron_step,B_pqrdot_5ad2694c,0.020770987981850453,0,0,10,0.0,,0.0,,,,,,,,,
A320,aileron_step,B_turbine_windmill_2db8e408,0.0,0,0,10,0.0,,0.0,0.41025641025641024,,,,,,,,
A320,rudder_doublet,B_pqrdot_5ad2694c,0.00032841410539340507,0,3,10,0.13636363636363635,1.0,0.4,,,,,0.0,1.0,0.0,1.0,
A320,rudder_doublet,B_turbine_windmill_2db8e408,0.0,0,3,10,0.23076923076923078,1.0,0.4,0.36752136752136755,,,,0.0,1.0,0.0,1.0,
A320,bank_hold,B_pqrdot_5ad2694c,0.031014612013465448,0,0,10,0.0,,0.0,,,,,,,,,
A320,bank_hold,B_turbine_windmill_2db8e408,0.0,0,0,10,0.0,,0.0,0.07692307692307693,,,,,,,,
A320,flap_extend,B_pqrdot_5ad2694c,24.177550834980817,2,4,10,0.18181818181818182,1.0,0.6,,1.0,0.5,1.0,0.75,1.0,0.75,0.5,1.0
A320,flap_extend,B_turbine_windmill_2db8e408,0.0,0,2,10,0.15384615384615385,1.0,0.4,0.36752136752136755,,,,0.5,1.0,0.5,0.5,
A320,engine_cut,B_pqrdot_5ad2694c,0.005976611407914845,0,1,10,0.045454545454545456,1.0,0.2,,,,,0.0,0.0,0.0,0.0,
A320,engine_cut,B_turbine_windmill_2db8e408,0.0,0,1,10,0.07692307692307693,1.0,0.2,0.37606837606837606,,,,0.0,0.0,0.0,0.0,
A320,climbing_turn,B_pqrdot_5ad2694c,0.010852296448798184,0,1,10,0.045454545454545456,1.0,0.2,,,,,0.0,0.0,0.0,1.0,
A320,climbing_turn,B_turbine_windmill_2db8e408,0.0,0,1,10,0.0,0.0,0.2,0.33333333333333337,,,,0.0,0.0,0.0,1.0,
A320,elev_doublet_distractor,B_pqrdot_5ad2694c,8.392927678755485e-05,0,0,10,0.0,,0.0,,,,,,,,,
A320,elev_doublet_distractor,B_turbine_windmill_2db8e408,0.0,0,0,10,0.0,,0.0,0.6752136752136753,,,,,,,,
A320,engine_restart,B_pqrdot_5ad2694c,0.00118725614802106,0,2,10,0.09090909090909091,1.0,0.4,,,,,0.0,0.0,0.0,0.0,
A320,engine_restart,B_turbine_windmill_2db8e408,30.100621271591525,7,16,10,0.6923076923076923,0.5625,0.8,0.5128205128205129,1.0,0.4375,0.7333333333333334,0.75,0.6875,0.875,0.0625,1.0
A4,cruise,B_elevator_drag_8819410c,0.8828456619831422,0,2,10,0.0,0.0,0.4,0.32478632478632474,,,,0.0,,0.0,,
A4,cruise,B_pqrdot_5ad2694c,0.5476110115967963,0,1,10,0.045454545454545456,1.0,0.2,,,,,0.0,,0.0,,
A4,cruise,B_turbine_windmill_2db8e408,0.0,0,1,10,0.0,0.0,0.2,0.2991452991452992,,,,0.0,,0.0,,
A4,throttle_step,B_elevator_drag_8819410c,0.08117495660956559,0,0,10,0.0,,0.0,0.017094017094017103,,,,,,,,
A4,throttle_step,B_pqrdot_5ad2694c,1.430193824118038,1,1,10,0.045454545454545456,1.0,0.2,,1.0,1.0,0.9047619047619048,1.0,1.0,1.0,1.0,1.0
A4,throttle_step,B_turbine_windmill_2db8e408,0.0,0,0,10,0.0,,0.0,0.18803418803418803,,,,,,,,
A4,elev_doublet,B_elevator_drag_8819410c,0.6253867938446007,0,7,10,0.07692307692307693,0.14285714285714285,0.8,0.1794871794871795,,,,0.0,1.0,0.0,1.0,
A4,elev_doublet,B_pqrdot_5ad2694c,1.6139744814245875,2,8,10,0.36363636363636365,1.0,0.8,,1.0,0.25,0.85,0.0,1.0,0.0,1.0,1.0
A4,elev_doublet,B_turbine_windmill_2db8e408,0.0,0,6,10,0.07692307692307693,0.16666666666666666,0.8,0.2222222222222222,,,,0.0,1.0,0.0,1.0,
A4,elev_step,B_elevator_drag_8819410c,0.3316134446681747,0,4,10,0.15384615384615385,0.5,0.6,0.6410256410256411,,,,0.0,1.0,0.0,1.0,
A4,elev_step,B_pqrdot_5ad2694c,1.6277792562411668,2,5,10,0.22727272727272727,1.0,0.6,,1.0,0.4,0.9,0.4,1.0,0.2,1.0,1.0
A4,elev_step,B_turbine_windmill_2db8e408,0.0,0,3,10,0.07692307692307693,0.3333333333333333,0.4,0.4444444444444445,,,,0.0,1.0,0.0,1.0,
A4,aileron_step,B_elevator_drag_8819410c,0.003273373678134756,0,1,10,0.07692307692307693,1.0,0.2,0.5982905982905984,,,,1.0,1.0,1.0,1.0,
A4,aileron_step,B_pqrdot_5ad2694c,0.04465476235308644,0,0,10,0.0,,0.0,,,,,,,,,
A4,aileron_step,B_turbine_windmill_2db8e408,0.0,0,0,10,0.0,,0.0,0.27350427350427353,,,,,,,,
A4,rudder_doublet,B_elevator_drag_8819410c,0.005690677334890244,0,0,10,0.0,,0.0,0.24786324786324787,,,,,,,,
A4,rudder_doublet,B_pqrdot_5ad2694c,0.001616496528903002,0,0,10,0.0,,0.0,,,,,,,,,
A4,rudder_doublet,B_turbine_windmill_2db8e408,0.0,0,0,10,0.0,,0.0,0.24786324786324787,,,,,,,,
A4,bank_hold,B_elevator_drag_8819410c,0.001259167542720259,0,3,10,0.0,0.0,0.6,0.12820512820512822,,,,0.0,0.6666666666666666,0.0,0.6666666666666666,
A4,bank_hold,B_pqrdot_5ad2694c,0.03398231726268996,0,4,10,0.18181818181818182,1.0,0.8,,,,,0.0,0.5,0.0,0.5,
A4,bank_hold,B_turbine_windmill_2db8e408,0.0,0,3,10,0.0,0.0,0.6,0.13675213675213677,,,,0.0,0.6666666666666666,0.0,0.6666666666666666,
A4,flap_extend,B_elevator_drag_8819410c,0.013815028585468445,0,4,10,0.3076923076923077,1.0,0.4,0.5982905982905983,,,,0.5,0.5,0.0,1.0,
A4,flap_extend,B_pqrdot_5ad2694c,6.033483379109912,2,8,10,0.36363636363636365,1.0,0.6,,1.0,0.25,1.0,0.5,0.5,0.125,1.0,1.0
A4,flap_extend,B_turbine_windmill_2db8e408,0.0,0,6,10,0.46153846153846156,1.0,0.4,0.641025641025641,,,,0.3333333333333333,0.3333333333333333,0.0,1.0,
A4,climbing_turn,B_elevator_drag_8819410c,0.1804275541065174,0,2,10,0.07692307692307693,0.5,0.2,0.5213675213675214,,,,0.0,1.0,0.0,0.0,
A4,climbing_turn,B_pqrdot_5ad2694c,0.018999198286864746,0,2,10,0.09090909090909091,1.0,0.2,,,,,0.0,0.5,0.0,0.0,
A4,climbing_turn,B_turbine_windmill_2db8e408,0.0,0,2,10,0.07692307692307693,0.5,0.2,0.49572649572649574,,,,0.0,0.5,0.0,0.0,
A4,elev_doublet_distractor,B_elevator_drag_8819410c,0.2964230628454837,0,1,10,0.0,0.0,0.2,0.24786324786324793,,,,1.0,1.0,0.0,1.0,
A4,elev_doublet_distractor,B_pqrdot_5ad2694c,0.00029542925762141606,0,1,10,0.045454545454545456,1.0,0.2,,,,,0.0,1.0,0.0,1.0,
A4,elev_doublet_distractor,B_turbine_windmill_2db8e408,0.0,0,1,10,0.0,0.0,0.2,0.23931623931623933,,,,0.0,1.0,0.0,1.0,
B747,cruise,B_elevator_drag_8819410c,3.902314470742716,0,8,10,0.5384615384615384,0.875,0.6,0.6495726495726496,,,,0.875,,0.875,,
B747,cruise,B_pqrdot_5ad2694c,93.14798913135637,1,1,10,0.045454545454545456,1.0,0.2,,1.0,1.0,0.9047619047619048,1.0,,1.0,,1.0
B747,cruise,B_turbine_windmill_2db8e408,0.0,0,0,10,0.0,,0.0,0.45299145299145305,,,,,,,,
B747,throttle_step,B_elevator_drag_8819410c,0.4897861830276021,0,11,10,0.5384615384615384,0.6363636363636364,1.0,0.6666666666666666,,,,0.6363636363636364,0.9090909090909091,0.36363636363636365,0.9090909090909091,
B747,throttle_step,B_pqrdot_5ad2694c,0.009042437870133516,0,0,10,0.0,,0.0,,,,,,,,,
B747,throttle_step,B_turbine_windmill_2db8e408,0.0,0,0,10,0.0,,0.0,0.22222222222222224,,,,,,,,
B747,elev_doublet,B_elevator_drag_8819410c,0.4502809079950397,0,6,10,0.23076923076923078,0.5,0.6,0.5641025641025641,,,,0.6666666666666666,1.0,0.6666666666666666,1.0,
B747,elev_doublet,B_pqrdot_5ad2694c,33.703159849391405,1,1,10,0.045454545454545456,1.0,0.2,,1.0,1.0,1.0,1.0,1.0,0.0,1.0,1.0
B747,elev_doublet,B_turbine_windmill_2db8e408,0.0,0,0,10,0.0,,0.0,0.46153846153846156,,,,,,,,
B747,elev_step,B_elevator_drag_8819410c,0.7203203919536348,0,12,10,0.7692307692307693,0.8333333333333334,1.0,0.9316239316239316,,,,0.5,0.6666666666666666,0.5833333333333334,0.9166666666666666,
B747,elev_step,B_pqrdot_5ad2694c,43.625495591039794,2,4,10,0.18181818181818182,1.0,0.4,,1.0,0.5,0.9249999999999999,0.25,0.75,0.0,1.0,1.0
B747,elev_step,B_turbine_windmill_2db8e408,0.0,0,2,10,0.07692307692307693,0.5,0.4,0.7264957264957265,,,,0.0,0.5,0.0,1.0,
B747,aileron_step,B_elevator_drag_8819410c,0.030691392747923155,0,5,10,0.38461538461538464,1.0,0.4,0.6581196581196581,,,,1.0,1.0,1.0,1.0,
B747,aileron_step,B_pqrdot_5ad2694c,0.03294226897149437,0,0,10,0.0,,0.0,,,,,,,,,
B747,aileron_step,B_turbine_windmill_2db8e408,0.0,0,0,10,0.0,,0.0,0.5470085470085471,,,,,,,,
B747,rudder_doublet,B_elevator_drag_8819410c,0.05059220370307833,0,7,10,0.5384615384615384,1.0,0.8,0.7179487179487181,,,,0.42857142857142855,1.0,0.14285714285714285,1.0,
B747,rudder_doublet,B_pqrdot_5ad2694c,0.0017073184506315238,0,0,10,0.0,,0.0,,,,,,,,,
B747,rudder_doublet,B_turbine_windmill_2db8e408,0.0,0,0,10,0.0,,0.0,0.37606837606837606,,,,,,,,
B747,bank_hold,B_elevator_drag_8819410c,0.05284581825381371,0,8,10,0.6153846153846154,1.0,0.8,0.7692307692307692,,,,0.625,0.875,0.5,1.0,
B747,bank_hold,B_pqrdot_5ad2694c,0.03895782878869637,0,0,10,0.0,,0.0,,,,,,,,,
B747,bank_hold,B_turbine_windmill_2db8e408,0.0,0,0,10,0.0,,0.0,0.38461538461538464,,,,,,,,
B747,flap_extend,B_elevator_drag_8819410c,0.12344288734358574,0,17,10,0.8461538461538461,0.6470588235294118,1.0,0.7008547008547008,,,,0.23529411764705882,0.6470588235294118,0.058823529411764705,0.17647058823529413,
B747,flap_extend,B_pqrdot_5ad2694c,2.3822248589545607,1,2,10,0.09090909090909091,1.0,0.2,,1.0,0.5,1.0,1.0,0.0,1.0,0.0,1.0
B747,flap_extend,B_turbine_windmill_2db8e408,0.0,0,0,10,0.0,,0.0,0.7692307692307693,,,,,,,,
B747,engine_cut,B_elevator_drag_8819410c,5.203508221892635,4,20,10,0.8461538461538461,0.55,0.8,0.7777777777777778,1.0,0.2,0.6388888888888888,0.8,0.4,0.8,0.0,1.0
B747,engine_cut,B_pqrdot_5ad2694c,0.04014586727764059,0,0,10,0.0,,0.0,,,,,,,,,
B747,engine_cut,B_turbine_windmill_2db8e408,0.0,0,0,10,0.0,,0.0,0.3675213675213676,,,,,,,,
B747,climbing_turn,B_elevator_drag_8819410c,0.7156123722446746,0,7,10,0.46153846153846156,0.8571428571428571,0.8,0.7094017094017095,,,,0.7142857142857143,0.7142857142857143,0.8571428571428571,1.0,
B747,climbing_turn,B_pqrdot_5ad2694c,0.005799778875864048,0,2,10,0.09090909090909091,1.0,0.2,,,,,0.0,1.0,0.0,0.0,
B747,climbing_turn,B_turbine_windmill_2db8e408,0.0,0,2,10,0.15384615384615385,1.0,0.2,0.6666666666666667,,,,0.0,1.0,0.0,0.0,
B747,elev_doublet_distractor,B_elevator_drag_8819410c,0.41698710137777434,0,2,10,0.15384615384615385,1.0,0.2,0.5470085470085471,,,,0.0,1.0,0.0,1.0,
B747,elev_doublet_distractor,B_pqrdot_5ad2694c,0.00020631834268513123,0,0,10,0.0,,0.0,,,,,,,,,
B747,elev_doublet_distractor,B_turbine_windmill_2db8e408,0.0,0,0,10,0.0,,0.0,0.23931623931623935,,,,,,,,
B747,engine_restart,B_elevator_drag_8819410c,4.6104586105681635,6,20,10,0.9230769230769231,0.6,1.0,0.8632478632478634,1.0,0.3,0.6979166666666666,0.9,0.55,0.75,0.45,1.0
B747,engine_restart,B_pqrdot_5ad2694c,0.012169454898523975,0,3,10,0.13636363636363635,1.0,0.4,,,,,0.0,1.0,0.0,0.6666666666666666,
B747,engine_restart,B_turbine_windmill_2db8e408,15.293562416839173,8,22,10,1.0,0.5909090909090909,1.0,0.5384615384615385,1.0,0.36363636363636365,0.5357142857142857,0.5909090909090909,0.6818181818181818,0.5909090909090909,0.045454545454545456,1.0
Boeing314,cruise,B_piston_power_bcd3f980,0.7401237341894975,0,0,10,0.0,,0.0,0.8717948717948719,,,,,,,,
Boeing314,cruise,B_pqrdot_5ad2694c,0.0006600701276443728,0,0,10,0.0,,0.0,,,,,,,,,
Boeing314,throttle_step,B_piston_power_bcd3f980,0.7099016770440318,0,2,10,0.15384615384615385,1.0,0.4,0.8376068376068377,,,,0.0,1.0,0.0,1.0,
Boeing314,throttle_step,B_pqrdot_5ad2694c,0.0032317182548032286,0,0,10,0.0,,0.0,,,,,,,,,
Boeing314,elev_doublet,B_piston_power_bcd3f980,0.7972809416166566,0,0,10,0.0,,0.0,0.09401709401709404,,,,,,,,
Boeing314,elev_doublet,B_pqrdot_5ad2694c,0.0004358818187340632,0,6,10,0.2727272727272727,1.0,0.6,,,,,0.16666666666666666,1.0,0.3333333333333333,1.0,
Boeing314,elev_step,B_piston_power_bcd3f980,1.2363122634946058,0,0,10,0.0,,0.0,0.8803418803418803,,,,,,,,
Boeing314,elev_step,B_pqrdot_5ad2694c,0.0008954932400718007,0,0,9,0.0,,0.0,,,,,,,,,
Boeing314,aileron_step,B_piston_power_bcd3f980,0.8777456229532247,0,0,10,0.0,,0.0,0.38461538461538464,,,,,,,,
Boeing314,aileron_step,B_pqrdot_5ad2694c,0.0007953832021941279,0,2,10,0.09090909090909091,1.0,0.4,,,,,0.5,1.0,0.0,1.0,
Boeing314,rudder_doublet,B_piston_power_bcd3f980,0.8842816225316903,0,0,10,0.0,,0.0,0.5470085470085471,,,,,,,,
Boeing314,rudder_doublet,B_pqrdot_5ad2694c,0.0003846026052316105,0,0,10,0.0,,0.0,,,,,,,,,
Boeing314,bank_hold,B_piston_power_bcd3f980,1.4075462870778335,0,13,10,0.38461538461538464,0.38461538461538464,0.8,0.3846153846153846,,,,0.15384615384615385,1.0,0.0,1.0,
Boeing314,bank_hold,B_pqrdot_5ad2694c,0.0014333953301316573,0,5,10,0.22727272727272727,1.0,0.4,,,,,0.0,1.0,0.0,1.0,
Boeing314,flap_extend,B_piston_power_bcd3f980,2.7581518254543247,0,6,10,0.23076923076923078,0.5,0.6,0.10256410256410259,,,,0.8333333333333334,1.0,0.0,1.0,
Boeing314,flap_extend,B_pqrdot_5ad2694c,0.0026037412590992717,0,3,10,0.13636363636363635,1.0,0.4,,,,,0.6666666666666666,1.0,0.0,1.0,
Boeing314,engine_cut,B_piston_power_bcd3f980,1.7578877168719074,1,0,10,0.0,,0.0,0.17094017094017097,0.0,,0.5238095238095238,,,,,0.0
Boeing314,engine_cut,B_pqrdot_5ad2694c,0.004885533490287205,0,0,10,0.0,,0.0,,,,,,,,,
Boeing314,climbing_turn,B_piston_power_bcd3f980,0.7220589268989092,0,0,10,0.0,,0.0,0.6410256410256411,,,,,,,,
Boeing314,climbing_turn,B_pqrdot_5ad2694c,0.002289826734218032,0,0,10,0.0,,0.0,,,,,,,,,
Boeing314,elev_doublet_distractor,B_piston_power_bcd3f980,0.5891327904903816,0,0,10,0.0,,0.0,0.1196581196581197,,,,,,,,
Boeing314,elev_doublet_distractor,B_pqrdot_5ad2694c,0.00022096461868096936,0,0,10,0.0,,0.0,,,,,,,,,
Boeing314,engine_stop,B_piston_power_bcd3f980,0.6864422078323467,0,1,10,0.07692307692307693,1.0,0.2,0.9914529914529914,,,,0.0,1.0,0.0,,
Camel,cruise,B_piston_power_bcd3f980,0.0,0,1,10,0.0,0.0,0.2,0.3162393162393163,,,,0.0,,0.0,,
Camel,cruise,B_pqrdot_5ad2694c,0.015060216099794485,0,1,10,0.045454545454545456,1.0,0.2,,,,,0.0,,0.0,,
Camel,throttle_step,B_piston_power_bcd3f980,0.0,0,0,10,0.0,,0.0,0.4102564102564103,,,,,,,,
Camel,throttle_step,B_pqrdot_5ad2694c,0.00824126408544481,0,0,10,0.0,,0.0,,,,,,,,,
Camel,elev_doublet,B_piston_power_bcd3f980,0.0,0,1,10,0.07692307692307693,1.0,0.2,0.4700854700854701,,,,0.0,1.0,1.0,1.0,
Camel,elev_doublet,B_pqrdot_5ad2694c,0.00010164105051473958,0,1,10,0.045454545454545456,1.0,0.2,,,,,0.0,1.0,1.0,1.0,
Camel,elev_step,B_piston_power_bcd3f980,0.0,0,0,10,0.0,,0.0,0.18803418803418806,,,,,,,,
Camel,elev_step,B_pqrdot_5ad2694c,0.00017152917945359165,0,0,10,0.0,,0.0,,,,,,,,,
Camel,aileron_step,B_piston_power_bcd3f980,0.0,0,0,10,0.0,,0.0,0.5042735042735043,,,,,,,,
Camel,aileron_step,B_pqrdot_5ad2694c,0.00018582458728791306,0,0,10,0.0,,0.0,,,,,,,,,
Camel,rudder_doublet,B_piston_power_bcd3f980,0.0,0,5,10,0.07692307692307693,0.2,0.4,0.25641025641025644,,,,0.0,1.0,0.0,1.0,
Camel,rudder_doublet,B_pqrdot_5ad2694c,6.589778212618139e-05,0,5,10,0.22727272727272727,1.0,0.4,,,,,0.0,1.0,0.0,1.0,
Camel,bank_hold,B_piston_power_bcd3f980,0.0,0,2,10,0.07692307692307693,0.5,0.4,0.5555555555555556,,,,0.5,1.0,0.0,1.0,
Camel,bank_hold,B_pqrdot_5ad2694c,0.00022331116680074153,0,2,10,0.09090909090909091,1.0,0.4,,,,,0.5,1.0,0.0,1.0,
Camel,flap_extend,B_piston_power_bcd3f980,0.0,0,3,10,0.0,0.0,0.6,0.5726495726495727,,,,0.0,1.0,0.0,1.0,
Camel,flap_extend,B_pqrdot_5ad2694c,0.007222108455350067,0,3,10,0.13636363636363635,1.0,0.6,,,,,0.0,1.0,0.0,1.0,
Camel,climbing_turn,B_piston_power_bcd3f980,0.0,0,0,10,0.0,,0.0,0.35042735042735046,,,,,,,,
Camel,climbing_turn,B_pqrdot_5ad2694c,3.766142597110358e-05,0,0,10,0.0,,0.0,,,,,,,,,
Camel,elev_doublet_distractor,B_piston_power_bcd3f980,0.0,0,0,10,0.0,,0.0,0.4102564102564103,,,,,,,,
Camel,elev_doublet_distractor,B_pqrdot_5ad2694c,3.470155798316316e-05,0,0,10,0.0,,0.0,,,,,,,,,
Camel,engine_stop,B_piston_power_bcd3f980,0.0,0,2,10,0.0,0.0,0.2,0.4871794871794872,,,,0.0,1.0,0.0,,
F4N,cruise,B_elevator_drag_8819410c,0.8930364947596756,0,2,10,0.07692307692307693,0.5,0.4,0.3162393162393162,,,,0.0,,0.0,,
F4N,cruise,B_pqrdot_5ad2694c,0.34423967211034456,0,1,10,0.045454545454545456,1.0,0.2,,,,,0.0,,0.0,,
F4N,cruise,B_turbine_windmill_2db8e408,0.0,0,1,10,0.0,0.0,0.2,0.4102564102564103,,,,0.0,,0.0,,
F4N,throttle_step,B_elevator_drag_8819410c,0.16402318468770585,0,12,10,0.5384615384615384,0.5833333333333334,0.6,0.7777777777777777,,,,0.9166666666666666,0.5,0.8333333333333334,0.8333333333333334,
F4N,throttle_step,B_pqrdot_5ad2694c,0.0006867524145265679,0,10,10,0.45454545454545453,1.0,0.6,,,,,0.7,0.2,0.6,0.9,
F4N,throttle_step,B_turbine_windmill_2db8e408,0.0,0,10,10,0.46153846153846156,0.6,0.6,0.5384615384615385,,,,0.7,0.2,0.6,0.9,
F4N,elev_doublet,B_elevator_drag_8819410c,1.1170138178217563,0,2,10,0.07692307692307693,0.5,0.2,0.5641025641025641,,,,0.0,1.0,0.0,1.0,
F4N,elev_doublet,B_pqrdot_5ad2694c,2.65868539249432,1,1,10,0.045454545454545456,1.0,0.2,,1.0,1.0,1.0,1.0,1.0,0.0,1.0,1.0
F4N,elev_doublet,B_turbine_windmill_2db8e408,0.0,0,0,10,0.0,,0.0,0.641025641025641,,,,,,,,
F4N,elev_step,B_elevator_drag_8819410c,1.6878868085002612,1,3,10,0.23076923076923078,1.0,0.4,0.5726495726495726,1.0,0.3333333333333333,1.0,0.0,0.3333333333333333,0.0,0.6666666666666666,1.0
F4N,elev_step,B_pqrdot_5ad2694c,4.005010709958628,2,1,10,0.045454545454545456,1.0,0.2,,0.5,1.0,0.775,1.0,1.0,1.0,1.0,1.0
F4N,elev_step,B_turbine_windmill_2db8e408,0.0,0,0,10,0.0,,0.0,0.43589743589743596,,,,,,,,
F4N,aileron_step,B_elevator_drag_8819410c,0.006097737614062913,0,0,10,0.0,,0.0,0.23076923076923078,,,,,,,,
F4N,aileron_step,B_pqrdot_5ad2694c,0.021287992743847635,0,0,10,0.0,,0.0,,,,,,,,,
F4N,aileron_step,B_turbine_windmill_2db8e408,0.0,0,0,10,0.0,,0.0,0.37606837606837606,,,,,,,,
F4N,rudder_doublet,B_elevator_drag_8819410c,0.03076900969300239,0,0,10,0.0,,0.0,0.29059829059829057,,,,,,,,
F4N,rudder_doublet,B_pqrdot_5ad2694c,0.0037691827024409676,0,0,10,0.0,,0.0,,,,,,,,,
F4N,rudder_doublet,B_turbine_windmill_2db8e408,0.0,0,0,10,0.0,,0.0,0.5042735042735043,,,,,,,,
F4N,bank_hold,B_elevator_drag_8819410c,0.008506348244932084,0,9,10,0.5384615384615384,0.7777777777777778,0.8,0.8974358974358975,,,,0.3333333333333333,0.7777777777777778,0.2222222222222222,0.8888888888888888,
F4N,bank_hold,B_pqrdot_5ad2694c,0.030386466251327463,0,8,10,0.36363636363636365,1.0,0.6,,,,,0.625,0.875,0.875,0.875,
F4N,bank_hold,B_turbine_windmill_2db8e408,0.0,0,8,10,0.5384615384615384,0.875,0.6,0.8376068376068376,,,,0.625,0.875,0.875,0.875,
F4N,flap_extend,B_elevator_drag_8819410c,0.015103801673628669,0,3,10,0.23076923076923078,1.0,0.2,0.8547008547008547,,,,0.3333333333333333,1.0,0.3333333333333333,0.0,
F4N,flap_extend,B_pqrdot_5ad2694c,2.6378586641242734,1,1,10,0.045454545454545456,1.0,0.2,,1.0,1.0,1.0,1.0,1.0,1.0,1.0,1.0
F4N,flap_extend,B_turbine_windmill_2db8e408,0.0,0,0,10,0.0,,0.0,0.8888888888888888,,,,,,,,
F4N,engine_cut,B_elevator_drag_8819410c,0.24925001984652423,0,4,10,0.23076923076923078,0.75,0.4,0.4102564102564103,,,,0.0,0.0,0.0,0.0,
F4N,engine_cut,B_pqrdot_5ad2694c,0.0022884873128908917,0,0,10,0.0,,0.0,,,,,,,,,
F4N,engine_cut,B_turbine_windmill_2db8e408,0.0,0,0,10,0.0,,0.0,0.358974358974359,,,,,,,,
F4N,climbing_turn,B_elevator_drag_8819410c,0.4048111150090079,0,1,10,0.07692307692307693,1.0,0.2,0.6495726495726496,,,,1.0,1.0,0.0,1.0,
F4N,climbing_turn,B_pqrdot_5ad2694c,0.0018460823747980055,0,1,10,0.045454545454545456,1.0,0.2,,,,,0.0,1.0,0.0,1.0,
F4N,climbing_turn,B_turbine_windmill_2db8e408,0.0,0,1,10,0.0,0.0,0.2,0.7435897435897436,,,,0.0,1.0,0.0,1.0,
F4N,elev_doublet_distractor,B_elevator_drag_8819410c,0.845124523699658,0,1,10,0.07692307692307693,1.0,0.2,0.6324786324786325,,,,0.0,0.0,0.0,0.0,
F4N,elev_doublet_distractor,B_pqrdot_5ad2694c,0.00036249655726939525,0,0,10,0.0,,0.0,,,,,,,,,
F4N,elev_doublet_distractor,B_turbine_windmill_2db8e408,0.0,0,0,10,0.0,,0.0,0.6923076923076923,,,,,,,,
F4N,engine_restart,B_elevator_drag_8819410c,0.47526129640844217,0,5,10,0.38461538461538464,1.0,0.6,0.7435897435897436,,,,0.0,0.4,0.0,0.6,
F4N,engine_restart,B_pqrdot_5ad2694c,0.0007286463122673655,0,0,10,0.0,,0.0,,,,,,,,,
F4N,engine_restart,B_turbine_windmill_2db8e408,26.465720561695647,11,20,10,0.9230769230769231,0.6,1.0,0.5213675213675214,1.0,0.55,0.6528925619834711,0.9,0.2,0.9,0.1,1.0
F80C,cruise,B_elevator_drag_8819410c,13.661781702331663,5,9,10,0.38461538461538464,0.5555555555555556,0.8,0.4700854700854701,0.2,0.1111111111111111,0.35294117647058826,0.4444444444444444,,0.5555555555555556,,1.0
F80C,cruise,B_pqrdot_5ad2694c,2.8804692002710803,1,3,10,0.13636363636363635,1.0,0.6,,1.0,0.3333333333333333,0.9523809523809523,0.0,,0.0,,1.0
F80C,cruise,B_turbine_windmill_2db8e408,0.0,0,2,10,0.07692307692307693,0.5,0.4,0.1452991452991453,,,,0.0,,0.0,,
F80C,throttle_step,B_elevator_drag_8819410c,4.498551159318808,4,21,10,1.0,0.6190476190476191,1.0,0.9316239316239316,1.0,0.19047619047619047,0.8888888888888888,0.8571428571428571,0.85,0.8571428571428571,0.8095238095238095,1.0
F80C,throttle_step,B_pqrdot_5ad2694c,5.850353066604566,1,1,10,0.045454545454545456,1.0,0.2,,1.0,1.0,1.0,1.0,1.0,1.0,1.0,1.0
F80C,throttle_step,B_turbine_windmill_2db8e408,0.0,0,0,10,0.0,,0.0,0.1452991452991453,,,,,,,,
F80C,elev_doublet,B_elevator_drag_8819410c,8.76307806747496,1,16,10,0.6153846153846154,0.5,0.8,0.22222222222222227,1.0,0.0625,0.5714285714285714,0.4375,0.13333333333333333,0.4375,0.13333333333333333,1.0
F80C,elev_doublet,B_pqrdot_5ad2694c,13.682530668699695,1,3,10,0.13636363636363635,1.0,0.4,,1.0,0.3333333333333333,1.0,0.3333333333333333,1.0,0.6666666666666666,1.0,1.0
F80C,elev_doublet,B_turbine_windmill_2db8e408,0.0,0,1,10,0.07692307692307693,1.0,0.2,0.4615384615384615,,,,0.0,1.0,0.0,1.0,
F80C,elev_step,B_elevator_drag_8819410c,6.434210634696176,3,16,10,0.6153846153846154,0.5,0.8,0.5299145299145299,1.0,0.1875,0.824561403508772,0.8125,0.1875,0.75,0.125,1.0
F80C,elev_step,B_pqrdot_5ad2694c,20.699745032454608,2,1,10,0.045454545454545456,1.0,0.2,,0.5,1.0,0.825,1.0,1.0,0.0,1.0,1.0
F80C,elev_step,B_turbine_windmill_2db8e408,0.0,0,0,10,0.0,,0.0,0.35897435897435903,,,,,,,,
F80C,aileron_step,B_elevator_drag_8819410c,1.012718986712934,1,6,10,0.46153846153846156,1.0,0.4,0.9145299145299146,1.0,0.16666666666666666,0.7142857142857143,0.8333333333333334,0.8333333333333334,0.6666666666666666,0.8333333333333334,1.0
F80C,aileron_step,B_pqrdot_5ad2694c,0.03277758405580158,0,0,10,0.0,,0.0,,,,,,,,,
F80C,aileron_step,B_turbine_windmill_2db8e408,0.0,0,0,10,0.0,,0.0,0.1880341880341881,,,,,,,,
F80C,rudder_doublet,B_elevator_drag_8819410c,3.954276562998971,1,8,10,0.6153846153846154,1.0,0.8,0.905982905982906,1.0,0.125,0.9047619047619048,0.625,0.75,0.625,0.75,1.0
F80C,rudder_doublet,B_pqrdot_5ad2694c,0.004083085372676067,0,2,10,0.09090909090909091,1.0,0.4,,,,,0.0,0.5,0.5,1.0,
F80C,rudder_doublet,B_turbine_windmill_2db8e408,0.0,0,2,10,0.15384615384615385,1.0,0.4,0.7948717948717949,,,,0.0,0.5,0.5,1.0,
F80C,bank_hold,B_elevator_drag_8819410c,0.9190054404963819,0,10,10,0.7692307692307693,1.0,0.8,1.0,,,,0.5,0.9,0.3,0.9,
F80C,bank_hold,B_pqrdot_5ad2694c,0.034978761977823555,0,2,10,0.09090909090909091,1.0,0.2,,,,,0.0,1.0,0.0,1.0,
F80C,bank_hold,B_turbine_windmill_2db8e408,0.0,0,2,10,0.07692307692307693,0.5,0.2,0.6581196581196581,,,,0.0,1.0,0.0,1.0,
F80C,flap_extend,B_elevator_drag_8819410c,4.567878109565915,4,19,10,0.7692307692307693,0.5263157894736842,0.8,0.23931623931623933,1.0,0.21052631578947367,0.7222222222222223,0.8947368421052632,0.15789473684210525,0.8947368421052632,0.05263157894736842,1.0
F80C,flap_extend,B_pqrdot_5ad2694c,16.227241371958574,2,3,10,0.13636363636363635,1.0,0.2,,1.0,0.6666666666666666,1.0,0.6666666666666666,0.6666666666666666,0.6666666666666666,0.6666666666666666,1.0
F80C,flap_extend,B_turbine_windmill_2db8e408,0.0,0,1,10,0.07692307692307693,1.0,0.2,0.4871794871794872,,,,0.0,1.0,0.0,1.0,
F80C,climbing_turn,B_elevator_drag_8819410c,3.116369104621732,5,20,10,1.0,0.65,1.0,0.8461538461538461,1.0,0.25,0.9058823529411765,0.8,0.55,0.75,0.35,1.0
F80C,climbing_turn,B_pqrdot_5ad2694c,0.006772242730622071,0,1,10,0.045454545454545456,1.0,0.2,,,,,0.0,1.0,0.0,1.0,
F80C,climbing_turn,B_turbine_windmill_2db8e408,0.0,0,1,10,0.07692307692307693,1.0,0.2,0.7606837606837608,,,,0.0,1.0,0.0,1.0,
F80C,elev_doublet_distractor,B_elevator_drag_8819410c,1.9402785512560508,1,9,10,0.6923076923076923,1.0,0.6,0.7008547008547008,1.0,0.1111111111111111,0.8571428571428572,0.5555555555555556,0.2222222222222222,0.3333333333333333,0.0,1.0
F80C,elev_doublet_distractor,B_pqrdot_5ad2694c,0.0002738166208307828,0,3,10,0.13636363636363635,1.0,0.2,,,,,0.3333333333333333,0.3333333333333333,0.3333333333333333,0.3333333333333333,
F80C,elev_doublet_distractor,B_turbine_windmill_2db8e408,0.0,0,3,10,0.23076923076923078,1.0,0.2,0.41025641025641035,,,,0.3333333333333333,0.3333333333333333,0.3333333333333333,0.3333333333333333,
J3Cub,cruise,B_piston_power_bcd3f980,0.0,0,0,10,0.0,,0.0,0.5641025641025641,,,,,,,,
J3Cub,cruise,B_pqrdot_5ad2694c,0.07231425091790515,0,0,10,0.0,,0.0,,,,,,,,,
J3Cub,throttle_step,B_piston_power_bcd3f980,0.0,0,7,10,0.07692307692307693,0.14285714285714285,0.8,0.0683760683760684,,,,0.14285714285714285,1.0,0.0,1.0,
J3Cub,throttle_step,B_pqrdot_5ad2694c,0.0018964600545702294,0,7,10,0.3181818181818182,1.0,0.8,,,,,0.14285714285714285,1.0,0.0,1.0,
J3Cub,elev_doublet,B_piston_power_bcd3f980,0.0,0,0,10,0.0,,0.0,0.3162393162393163,,,,,,,,
J3Cub,elev_doublet,B_pqrdot_5ad2694c,0.0011980468058451976,0,0,10,0.0,,0.0,,,,,,,,,
J3Cub,elev_step,B_piston_power_bcd3f980,0.0,0,0,10,0.0,,0.0,0.6752136752136753,,,,,,,,
J3Cub,elev_step,B_pqrdot_5ad2694c,0.00340694255992491,0,0,10,0.0,,0.0,,,,,,,,,
J3Cub,aileron_step,B_piston_power_bcd3f980,0.0,0,0,10,0.0,,0.0,0.3504273504273504,,,,,,,,
J3Cub,aileron_step,B_pqrdot_5ad2694c,0.00269893764328866,0,0,10,0.0,,0.0,,,,,,,,,
J3Cub,rudder_doublet,B_piston_power_bcd3f980,0.0,0,0,10,0.0,,0.0,0.1965811965811966,,,,,,,,
J3Cub,rudder_doublet,B_pqrdot_5ad2694c,0.00023723213730294574,0,0,10,0.0,,0.0,,,,,,,,,
J3Cub,bank_hold,B_piston_power_bcd3f980,0.0,0,0,10,0.0,,0.0,0.6068376068376069,,,,,,,,
J3Cub,bank_hold,B_pqrdot_5ad2694c,0.003283944408459896,0,0,10,0.0,,0.0,,,,,,,,,
J3Cub,flap_extend,B_piston_power_bcd3f980,0.0,0,0,10,0.0,,0.0,0.6239316239316239,,,,,,,,
J3Cub,flap_extend,B_pqrdot_5ad2694c,0.027450731940851732,0,0,10,0.0,,0.0,,,,,,,,,
J3Cub,climbing_turn,B_piston_power_bcd3f980,0.0,0,0,10,0.0,,0.0,0.33333333333333337,,,,,,,,
J3Cub,climbing_turn,B_pqrdot_5ad2694c,0.002646883368719625,0,0,10,0.0,,0.0,,,,,,,,,
J3Cub,elev_doublet_distractor,B_piston_power_bcd3f980,0.0,0,3,10,0.23076923076923078,1.0,0.4,0.39316239316239315,,,,0.3333333333333333,0.0,0.3333333333333333,0.0,
J3Cub,elev_doublet_distractor,B_pqrdot_5ad2694c,5.739640400338477e-05,0,3,10,0.13636363636363635,1.0,0.4,,,,,0.3333333333333333,0.0,0.3333333333333333,0.0,
MD11,cruise,B_elevator_drag_8819410c,1.3179533528781213,0,3,10,0.23076923076923078,1.0,0.2,0.4188034188034188,,,,0.6666666666666666,,0.0,,
MD11,cruise,B_pqrdot_5ad2694c,21.440898575422867,1,1,10,0.045454545454545456,1.0,0.2,,1.0,1.0,1.0,1.0,,1.0,,1.0
MD11,cruise,B_turbine_windmill_2db8e408,0.0,0,0,10,0.0,,0.0,0.15384615384615385,,,,,,,,
MD11,throttle_step,B_elevator_drag_8819410c,0.07088459301657495,0,2,10,0.15384615384615385,1.0,0.2,0.7521367521367521,,,,0.0,0.0,0.0,0.0,
MD11,throttle_step,B_pqrdot_5ad2694c,0.01801657829275178,0,0,10,0.0,,0.0,,,,,,,,,
MD11,throttle_step,B_turbine_windmill_2db8e408,0.0,0,0,10,0.0,,0.0,0.5384615384615385,,,,,,,,
MD11,elev_doublet,B_elevator_drag_8819410c,0.38270253432905466,0,8,10,0.23076923076923078,0.375,0.8,0.17948717948717952,,,,0.375,1.0,0.0,1.0,
MD11,elev_doublet,B_pqrdot_5ad2694c,8.552272111326115,1,3,10,0.13636363636363635,1.0,0.4,,1.0,0.3333333333333333,1.0,0.3333333333333333,1.0,0.0,1.0,1.0
MD11,elev_doublet,B_turbine_windmill_2db8e408,0.0,0,2,10,0.15384615384615385,1.0,0.4,0.3076923076923077,,,,0.0,1.0,0.0,1.0,
MD11,elev_step,B_elevator_drag_8819410c,0.26841896944601706,0,8,10,0.46153846153846156,0.75,0.8,0.8717948717948719,,,,1.0,0.5,0.875,0.875,
MD11,elev_step,B_pqrdot_5ad2694c,11.423315157627767,2,5,10,0.22727272727272727,1.0,0.6,,0.5,0.2,0.7,0.6,0.6,0.4,0.6,1.0
MD11,elev_step,B_turbine_windmill_2db8e408,0.0,0,4,10,0.3076923076923077,1.0,0.4,0.905982905982906,,,,0.5,0.5,0.25,0.5,
MD11,aileron_step,B_elevator_drag_8819410c,0.004927371445711311,0,3,10,0.23076923076923078,1.0,0.2,0.48717948717948717,,,,0.3333333333333333,1.0,0.3333333333333333,1.0,
MD11,aileron_step,B_pqrdot_5ad2694c,0.02349203796383566,0,0,10,0.0,,0.0,,,,,,,,,
MD11,aileron_step,B_turbine_windmill_2db8e408,0.0,0,0,10,0.0,,0.0,0.3076923076923077,,,,,,,,
MD11,rudder_doublet,B_elevator_drag_8819410c,0.006710590167045645,0,3,10,0.23076923076923078,1.0,0.4,0.5982905982905983,,,,0.6666666666666666,1.0,0.6666666666666666,1.0,
MD11,rudder_doublet,B_pqrdot_5ad2694c,0.0031445634039405407,0,1,10,0.045454545454545456,1.0,0.2,,,,,0.0,1.0,0.0,1.0,
MD11,rudder_doublet,B_turbine_windmill_2db8e408,0.0,0,1,10,0.07692307692307693,1.0,0.2,0.4358974358974359,,,,0.0,1.0,0.0,1.0,
MD11,bank_hold,B_elevator_drag_8819410c,0.008001406547393519,0,3,10,0.23076923076923078,1.0,0.2,0.5042735042735043,,,,0.0,1.0,0.0,1.0,
MD11,bank_hold,B_pqrdot_5ad2694c,0.030062096672642948,0,0,10,0.0,,0.0,,,,,,,,,
MD11,bank_hold,B_turbine_windmill_2db8e408,0.0,0,0,10,0.0,,0.0,0.20512820512820512,,,,,,,,
MD11,flap_extend,B_elevator_drag_8819410c,0.07499000617462631,0,1,10,0.07692307692307693,1.0,0.2,0.6068376068376069,,,,0.0,1.0,0.0,1.0,
MD11,flap_extend,B_pqrdot_5ad2694c,0.1377449520270828,0,2,10,0.09090909090909091,1.0,0.2,,,,,1.0,1.0,1.0,0.5,
MD11,flap_extend,B_turbine_windmill_2db8e408,0.0,0,0,10,0.0,,0.0,0.3418803418803419,,,,,,,,
MD11,engine_cut,B_elevator_drag_8819410c,0.5937480980463666,0,11,10,0.23076923076923078,0.2727272727272727,0.8,0.5641025641025641,,,,0.2727272727272727,0.18181818181818182,0.45454545454545453,0.0,
MD11,engine_cut,B_pqrdot_5ad2694c,0.04167697858961822,0,0,10,0.0,,0.0,,,,,,,,,
MD11,engine_cut,B_turbine_windmill_2db8e408,0.0,0,0,10,0.0,,0.0,0.28205128205128205,,,,,,,,
MD11,climbing_turn,B_elevator_drag_8819410c,0.40373455977175093,0,0,10,0.0,,0.0,0.11965811965811966,,,,,,,,
MD11,climbing_turn,B_pqrdot_5ad2694c,0.011504900064471793,0,1,10,0.045454545454545456,1.0,0.2,,,,,0.0,0.0,0.0,0.0,
MD11,climbing_turn,B_turbine_windmill_2db8e408,0.0,0,1,10,0.0,0.0,0.2,0.15384615384615388,,,,0.0,0.0,0.0,0.0,
MD11,elev_doublet_distractor,B_elevator_drag_8819410c,0.216229660034871,0,4,10,0.0,0.0,0.6,0.3333333333333333,,,,0.0,0.75,0.0,0.75,
MD11,elev_doublet_distractor,B_pqrdot_5ad2694c,0.0008018917520527329,0,3,10,0.13636363636363635,1.0,0.6,,,,,0.3333333333333333,0.6666666666666666,0.3333333333333333,0.6666666666666666,
MD11,elev_doublet_distractor,B_turbine_windmill_2db8e408,0.0,0,3,10,0.0,0.0,0.6,0.3162393162393163,,,,0.0,1.0,0.0,0.6666666666666666,
MD11,engine_restart,B_elevator_drag_8819410c,1.1074292872813665,0,14,10,0.5384615384615384,0.5,0.8,0.4615384615384615,,,,0.5714285714285714,0.2857142857142857,0.6428571428571429,0.42857142857142855,
MD11,engine_restart,B_pqrdot_5ad2694c,0.03302963771721657,0,0,10,0.0,,0.0,,,,,,,,,
MD11,engine_restart,B_turbine_windmill_2db8e408,11.973507887027306,6,20,10,0.8461538461538461,0.55,1.0,0.5213675213675214,1.0,0.3,0.45833333333333337,0.55,0.4,0.85,0.05,1.0
OV10,cruise,B_elevator_drag_8819410c,1.213888922897217,0,0,10,0.0,,0.0,0.6153846153846154,,,,,,,,
OV10,cruise,B_pqrdot_5ad2694c,26.09026226547178,1,0,10,0.0,,0.0,,0.0,,0.4285714285714286,,,,,0.0
OV10,throttle_step,B_elevator_drag_8819410c,0.13136761612678435,0,0,10,0.0,,0.0,0.44444444444444453,,,,,,,,
OV10,throttle_step,B_pqrdot_5ad2694c,0.004950482866827853,0,0,10,0.0,,0.0,,,,,,,,,
OV10,elev_doublet,B_elevator_drag_8819410c,1.067645851115802,0,0,10,0.0,,0.0,0.5299145299145299,,,,,,,,
OV10,elev_doublet,B_pqrdot_5ad2694c,24.552993636795335,1,1,10,0.045454545454545456,1.0,0.2,,1.0,1.0,1.0,0.0,1.0,0.0,1.0,1.0
OV10,elev_step,B_elevator_drag_8819410c,0.3589912503624569,0,5,10,0.38461538461538464,1.0,0.6,0.8205128205128205,,,,0.4,1.0,0.2,1.0,
OV10,elev_step,B_pqrdot_5ad2694c,15.266339547666501,2,5,10,0.22727272727272727,1.0,0.8,,0.5,0.2,0.775,0.2,1.0,0.0,1.0,1.0
OV10,aileron_step,B_elevator_drag_8819410c,0.008055218849458402,0,15,10,0.7692307692307693,0.6666666666666666,1.0,0.7692307692307693,,,,0.3333333333333333,1.0,0.2,1.0,
OV10,aileron_step,B_pqrdot_5ad2694c,0.00980181801092976,0,16,10,0.7272727272727273,1.0,1.0,,,,,0.125,1.0,0.5625,1.0,
OV10,rudder_doublet,B_elevator_drag_8819410c,0.006664785099518768,0,0,10,0.0,,0.0,0.6666666666666667,,,,,,,,
OV10,rudder_doublet,B_pqrdot_5ad2694c,0.0009838108989174044,0,0,10,0.0,,0.0,,,,,,,,,
OV10,bank_hold,B_elevator_drag_8819410c,0.0070620164802406085,0,2,10,0.15384615384615385,1.0,0.4,0.8205128205128205,,,,0.0,1.0,0.0,1.0,
OV10,bank_hold,B_pqrdot_5ad2694c,0.01013127086637933,0,0,10,0.0,,0.0,,,,,,,,,
OV10,flap_extend,B_elevator_drag_8819410c,0.006991425888361001,0,4,10,0.3076923076923077,1.0,0.8,0.9316239316239318,,,,0.5,1.0,0.0,1.0,
OV10,flap_extend,B_pqrdot_5ad2694c,3.2547673185399346,1,6,10,0.2727272727272727,1.0,0.6,,1.0,0.16666666666666666,1.0,0.6666666666666666,1.0,0.3333333333333333,1.0,1.0
OV10,engine_cut,B_elevator_drag_8819410c,0.057009616926279455,0,2,10,0.15384615384615385,1.0,0.4,0.46153846153846156,,,,0.0,1.0,0.0,,
OV10,engine_cut,B_pqrdot_5ad2694c,0.0016646586457925387,0,0,10,0.0,,0.0,,,,,,,,,
OV10,elev_doublet_distractor,B_elevator_drag_8819410c,0.15830164743398073,0,0,10,0.0,,0.0,0.358974358974359,,,,,,,,
OV10,elev_doublet_distractor,B_pqrdot_5ad2694c,0.00026889339406379166,0,0,10,0.0,,0.0,,,,,,,,,
Short_S23,cruise,B_piston_power_bcd3f980,0.0,0,0,10,0.0,,0.0,1.0,,,,,,,,
Short_S23,cruise,B_pqrdot_5ad2694c,0.000952116662629162,0,0,10,0.0,,0.0,,,,,,,,,
Short_S23,throttle_step,B_piston_power_bcd3f980,0.0,0,5,10,0.07692307692307693,0.2,0.4,0.41025641025641024,,,,0.2,1.0,0.0,1.0,
Short_S23,throttle_step,B_pqrdot_5ad2694c,0.0025991925279849715,0,5,10,0.22727272727272727,1.0,0.4,,,,,0.2,1.0,0.0,1.0,
Short_S23,elev_doublet,B_piston_power_bcd3f980,0.0,0,5,10,0.15384615384615385,0.4,0.6,0.5811965811965812,,,,0.0,1.0,0.0,1.0,
Short_S23,elev_doublet,B_pqrdot_5ad2694c,0.0004951448461424971,0,5,10,0.22727272727272727,1.0,0.6,,,,,0.0,1.0,0.0,1.0,
Short_S23,elev_step,B_piston_power_bcd3f980,0.0,0,0,10,0.0,,0.0,0.8205128205128206,,,,,,,,
Short_S23,elev_step,B_pqrdot_5ad2694c,0.0016598319250643277,0,0,10,0.0,,0.0,,,,,,,,,
Short_S23,aileron_step,B_piston_power_bcd3f980,0.0,0,0,10,0.0,,0.0,0.2905982905982906,,,,,,,,
Short_S23,aileron_step,B_pqrdot_5ad2694c,0.0004198377046809119,0,0,10,0.0,,0.0,,,,,,,,,
Short_S23,rudder_doublet,B_piston_power_bcd3f980,0.0,0,0,10,0.0,,0.0,0.6068376068376069,,,,,,,,
Short_S23,rudder_doublet,B_pqrdot_5ad2694c,0.0003457165445404706,0,0,10,0.0,,0.0,,,,,,,,,
Short_S23,bank_hold,B_piston_power_bcd3f980,0.0,0,3,10,0.07692307692307693,0.3333333333333333,0.4,0.49572649572649574,,,,0.3333333333333333,1.0,0.0,1.0,
Short_S23,bank_hold,B_pqrdot_5ad2694c,0.0011203824023884458,0,3,10,0.13636363636363635,1.0,0.4,,,,,0.3333333333333333,1.0,0.0,1.0,
Short_S23,flap_extend,B_piston_power_bcd3f980,0.0,0,0,10,0.0,,0.0,0.46153846153846156,,,,,,,,
Short_S23,flap_extend,B_pqrdot_5ad2694c,0.0028824975512790774,0,0,10,0.0,,0.0,,,,,,,,,
Short_S23,engine_cut,B_piston_power_bcd3f980,0.0,0,0,10,0.0,,0.0,0.46153846153846156,,,,,,,,
Short_S23,engine_cut,B_pqrdot_5ad2694c,7.678728706990587e-05,0,0,10,0.0,,0.0,,,,,,,,,
Short_S23,climbing_turn,B_piston_power_bcd3f980,0.0,0,0,10,0.0,,0.0,0.6837606837606838,,,,,,,,
Short_S23,climbing_turn,B_pqrdot_5ad2694c,0.0008609972739946801,0,0,10,0.0,,0.0,,,,,,,,,
Short_S23,elev_doublet_distractor,B_piston_power_bcd3f980,0.0,0,0,10,0.0,,0.0,0.7521367521367521,,,,,,,,
Short_S23,elev_doublet_distractor,B_pqrdot_5ad2694c,0.00041212202848257996,0,0,10,0.0,,0.0,,,,,,,,,
Short_S23,engine_stop,B_piston_power_bcd3f980,0.0,0,0,10,0.0,,0.0,0.5555555555555556,,,,,,,,
T37,cruise,B_elevator_drag_8819410c,2.899900424139272,4,6,10,0.3076923076923077,0.6666666666666666,0.4,0.5213675213675213,0.0,0.0,0.4861111111111111,0.3333333333333333,,0.6666666666666666,,0.5
T37,cruise,B_pqrdot_5ad2694c,0.8329002971705284,0,1,10,0.045454545454545456,1.0,0.2,,,,,0.0,,0.0,,
T37,cruise,B_turbine_windmill_2db8e408,0.0,0,1,10,0.07692307692307693,1.0,0.2,0.2820512820512821,,,,0.0,,0.0,,
T37,throttle_step,B_elevator_drag_8819410c,1.0476151592023817,2,16,10,0.6153846153846154,0.5,0.8,0.6923076923076923,0.0,0.0,0.17500000000000004,0.3125,1.0,0.3125,1.0,1.0
T37,throttle_step,B_pqrdot_5ad2694c,0.0032365358751929186,0,0,10,0.0,,0.0,,,,,,,,,
T37,throttle_step,B_turbine_windmill_2db8e408,0.0,0,0,10,0.0,,0.0,0.35897435897435903,,,,,,,,
T37,elev_doublet,B_elevator_drag_8819410c,1.2077478241690403,0,12,10,0.5384615384615384,0.5833333333333334,1.0,0.5042735042735043,,,,0.08333333333333333,1.0,0.08333333333333333,1.0,
T37,elev_doublet,B_pqrdot_5ad2694c,5.535985302129372,1,4,10,0.18181818181818182,1.0,0.8,,1.0,0.25,1.0,0.25,1.0,0.25,1.0,1.0
T37,elev_doublet,B_turbine_windmill_2db8e408,0.0,0,3,10,0.07692307692307693,0.3333333333333333,0.6,0.6495726495726496,,,,0.0,1.0,0.0,1.0,
T37,elev_step,B_elevator_drag_8819410c,0.8986995557948239,0,7,10,0.46153846153846156,0.8571428571428571,0.8,0.7350427350427351,,,,0.5714285714285714,1.0,0.42857142857142855,1.0,
T37,elev_step,B_pqrdot_5ad2694c,8.504405435981154,1,2,10,0.09090909090909091,1.0,0.4,,1.0,0.5,1.0,1.0,1.0,0.5,1.0,1.0
T37,elev_step,B_turbine_windmill_2db8e408,0.0,0,1,10,0.0,0.0,0.2,0.17948717948717952,,,,1.0,1.0,0.0,1.0,
T37,aileron_step,B_elevator_drag_8819410c,0.2735470367026859,0,1,10,0.0,0.0,0.2,0.27350427350427353,,,,0.0,1.0,0.0,1.0,
T37,aileron_step,B_pqrdot_5ad2694c,0.003078109974335851,0,2,10,0.09090909090909091,1.0,0.2,,,,,0.0,1.0,0.0,1.0,
T37,aileron_step,B_turbine_windmill_2db8e408,0.0,0,2,10,0.07692307692307693,0.5,0.2,0.5726495726495726,,,,0.0,1.0,0.0,1.0,
T37,rudder_doublet,B_elevator_drag_8819410c,0.3771266768419946,0,2,10,0.15384615384615385,1.0,0.2,0.43589743589743596,,,,1.0,1.0,0.0,1.0,
T37,rudder_doublet,B_pqrdot_5ad2694c,0.0008233961657012038,0,1,10,0.045454545454545456,1.0,0.2,,,,,1.0,1.0,1.0,1.0,
T37,rudder_doublet,B_turbine_windmill_2db8e408,0.0,0,1,10,0.0,0.0,0.2,0.47863247863247865,,,,1.0,1.0,1.0,1.0,
T37,bank_hold,B_elevator_drag_8819410c,0.3112244938716066,0,0,10,0.0,,0.0,0.26495726495726496,,,,,,,,
T37,bank_hold,B_pqrdot_5ad2694c,0.0064261201466171616,0,0,10,0.0,,0.0,,,,,,,,,
T37,bank_hold,B_turbine_windmill_2db8e408,0.0,0,0,10,0.0,,0.0,0.5726495726495727,,,,,,,,
T37,flap_extend,B_elevator_drag_8819410c,0.6761311511088512,0,17,10,0.8461538461538461,0.6470588235294118,0.8,0.358974358974359,,,,0.11764705882352941,1.0,0.29411764705882354,1.0,
T37,flap_extend,B_pqrdot_5ad2694c,5.690122783062306,1,2,10,0.09090909090909091,1.0,0.2,,1.0,0.5,1.0,0.5,1.0,0.0,1.0,1.0
T37,flap_extend,B_turbine_windmill_2db8e408,0.0,0,0,10,0.0,,0.0,0.5641025641025641,,,,,,,,
T37,engine_cut,B_elevator_drag_8819410c,9.873682533075964,9,22,10,1.0,0.5909090909090909,1.0,0.7606837606837606,1.0,0.4090909090909091,0.811965811965812,0.7272727272727273,1.0,0.18181818181818182,,1.0
T37,engine_cut,B_pqrdot_5ad2694c,0.015512532097093683,0,2,10,0.09090909090909091,1.0,0.2,,,,,0.0,1.0,0.0,,
T37,engine_cut,B_turbine_windmill_2db8e408,0.0,0,2,10,0.15384615384615385,1.0,0.2,0.4188034188034188,,,,0.0,1.0,0.0,,
T37,elev_doublet_distractor,B_elevator_drag_8819410c,0.5014555661615726,0,0,10,0.0,,0.0,0.5897435897435898,,,,,,,,
T37,elev_doublet_distractor,B_pqrdot_5ad2694c,0.0001224494878887405,0,1,10,0.045454545454545456,1.0,0.2,,,,,0.0,1.0,0.0,1.0,
T37,elev_doublet_distractor,B_turbine_windmill_2db8e408,0.0,0,1,10,0.07692307692307693,1.0,0.2,0.4444444444444445,,,,0.0,1.0,0.0,1.0,
T38,cruise,B_elevator_drag_8819410c,1.815853681580514,5,13,10,0.46153846153846156,0.46153846153846156,0.8,0.641025641025641,0.6,0.23076923076923078,0.35294117647058826,0.6153846153846154,,0.46153846153846156,,1.0
T38,cruise,B_pqrdot_5ad2694c,0.07652178454662253,0,0,10,0.0,,0.0,,,,,,,,,
T38,cruise,B_turbine_windmill_2db8e408,0.0,0,0,10,0.0,,0.0,0.2905982905982906,,,,,,,,
T38,throttle_step,B_elevator_drag_8819410c,0.3331973344593037,0,10,10,0.46153846153846156,0.6,0.8,0.4786324786324786,,,,0.7,0.3,0.5,0.8,
T38,throttle_step,B_pqrdot_5ad2694c,0.0023575967455317388,0,2,10,0.09090909090909091,1.0,0.4,,,,,0.0,0.0,0.0,0.5,
T38,throttle_step,B_turbine_windmill_2db8e408,0.0,0,2,10,0.07692307692307693,0.5,0.4,0.5641025641025641,,,,0.0,0.0,0.0,1.0,
T38,elev_doublet,B_elevator_drag_8819410c,1.0082869553193736,0,10,10,0.23076923076923078,0.3,0.8,0.4273504273504274,,,,0.7,0.5,0.5,0.4,
T38,elev_doublet,B_pqrdot_5ad2694c,2.5703866828164417,1,4,10,0.18181818181818182,1.0,0.4,,1.0,0.25,1.0,0.25,1.0,0.25,0.75,1.0
T38,elev_doublet,B_turbine_windmill_2db8e408,0.0,0,2,10,0.15384615384615385,1.0,0.4,0.5726495726495726,,,,0.0,1.0,0.0,1.0,
T38,elev_step,B_elevator_drag_8819410c,0.8919029190119339,0,6,10,0.3076923076923077,0.6666666666666666,0.6,0.4444444444444445,,,,0.5,0.8333333333333334,0.6666666666666666,1.0,
T38,elev_step,B_pqrdot_5ad2694c,2.8827589781020886,2,2,10,0.09090909090909091,1.0,0.2,,1.0,1.0,0.9500000000000001,0.5,1.0,0.5,0.5,1.0
T38,elev_step,B_turbine_windmill_2db8e408,0.0,0,0,10,0.0,,0.0,0.3247863247863248,,,,,,,,
T38,aileron_step,B_elevator_drag_8819410c,0.10215330820689145,0,0,10,0.0,,0.0,0.25641025641025644,,,,,,,,
T38,aileron_step,B_pqrdot_5ad2694c,0.00815046522808336,0,0,10,0.0,,0.0,,,,,,,,,
T38,aileron_step,B_turbine_windmill_2db8e408,0.0,0,0,10,0.0,,0.0,0.11965811965811968,,,,,,,,
T38,rudder_doublet,B_elevator_drag_8819410c,0.287382589896132,0,4,10,0.23076923076923078,0.75,0.4,0.5641025641025642,,,,0.75,0.0,0.75,0.0,
T38,rudder_doublet,B_pqrdot_5ad2694c,0.002071699420885462,0,0,10,0.0,,0.0,,,,,,,,,
T38,rudder_doublet,B_turbine_windmill_2db8e408,0.0,0,0,10,0.0,,0.0,0.13675213675213677,,,,,,,,
T38,bank_hold,B_elevator_drag_8819410c,0.21469776732505705,0,6,10,0.38461538461538464,0.8333333333333334,0.4,0.9316239316239316,,,,0.5,1.0,0.5,1.0,
T38,bank_hold,B_pqrdot_5ad2694c,0.011473623645912461,0,0,10,0.0,,0.0,,,,,,,,,
T38,bank_hold,B_turbine_windmill_2db8e408,0.0,0,0,10,0.0,,0.0,0.21367521367521367,,,,,,,,
T38,flap_extend,B_elevator_drag_8819410c,0.5925396139140854,0,9,10,0.3076923076923077,0.4444444444444444,0.8,0.3931623931623932,,,,0.1111111111111111,0.5555555555555556,0.1111111111111111,0.4444444444444444,
T38,flap_extend,B_pqrdot_5ad2694c,12.378826838265146,2,3,10,0.13636363636363635,1.0,0.4,,1.0,0.6666666666666666,1.0,0.6666666666666666,0.6666666666666666,0.6666666666666666,0.0,1.0
T38,flap_extend,B_turbine_windmill_2db8e408,0.0,0,1,10,0.07692307692307693,1.0,0.2,0.8717948717948718,,,,0.0,1.0,0.0,0.0,
T38,engine_cut,B_elevator_drag_8819410c,2.142018833416067,6,18,10,0.8461538461538461,0.6111111111111112,1.0,0.7435897435897436,1.0,0.3333333333333333,0.7291666666666666,0.6666666666666666,0.4444444444444444,0.7777777777777778,0.0,1.0
T38,engine_cut,B_pqrdot_5ad2694c,0.015387491249344925,0,3,10,0.13636363636363635,1.0,0.4,,,,,0.0,0.0,0.0,0.0,
T38,engine_cut,B_turbine_windmill_2db8e408,0.0,0,3,10,0.07692307692307693,0.3333333333333333,0.4,0.35042735042735046,,,,0.0,0.0,0.0,0.0,
T38,climbing_turn,B_elevator_drag_8819410c,0.27937193729214627,0,4,7,0.23076923076923078,0.75,0.6,0.5726495726495727,,,,0.0,0.25,0.75,0.0,
T38,climbing_turn,B_pqrdot_5ad2694c,0.0076493747656572325,0,1,8,0.045454545454545456,1.0,0.2,,,,,0.0,0.0,0.0,0.0,
T38,climbing_turn,B_turbine_windmill_2db8e408,0.0,0,1,8,0.07692307692307693,1.0,0.2,0.4273504273504274,,,,0.0,0.0,0.0,0.0,
T38,elev_doublet_distractor,B_elevator_drag_8819410c,0.3451602736904353,0,3,10,0.23076923076923078,1.0,0.2,0.45299145299145305,,,,0.3333333333333333,0.0,1.0,0.0,
T38,elev_doublet_distractor,B_pqrdot_5ad2694c,0.0009175265860491803,0,0,10,0.0,,0.0,,,,,,,,,
T38,elev_doublet_distractor,B_turbine_windmill_2db8e408,0.0,0,0,10,0.0,,0.0,0.20512820512820515,,,,,,,,
c172p,cruise,B_piston_power_bcd3f980,0.0,0,0,10,0.0,,0.0,0.35042735042735046,,,,,,,,
c172p,cruise,B_pqrdot_5ad2694c,0.04686890004329807,0,0,10,0.0,,0.0,,,,,,,,,
c172p,throttle_step,B_piston_power_bcd3f980,0.0,0,0,10,0.0,,0.0,0.5213675213675214,,,,,,,,
c172p,throttle_step,B_pqrdot_5ad2694c,0.004124723938425238,0,0,10,0.0,,0.0,,,,,,,,,
c172p,elev_doublet,B_piston_power_bcd3f980,0.0,0,2,10,0.15384615384615385,1.0,0.4,0.3418803418803419,,,,0.0,1.0,0.0,1.0,
c172p,elev_doublet,B_pqrdot_5ad2694c,0.0002902925757465904,0,2,10,0.09090909090909091,1.0,0.4,,,,,0.0,1.0,0.0,1.0,
c172p,elev_step,B_piston_power_bcd3f980,0.0,0,4,10,0.15384615384615385,0.5,0.6,0.33333333333333337,,,,0.25,1.0,0.0,1.0,
c172p,elev_step,B_pqrdot_5ad2694c,0.0006224845962334629,0,4,10,0.18181818181818182,1.0,0.6,,,,,0.25,1.0,0.0,1.0,
c172p,aileron_step,B_piston_power_bcd3f980,0.0,0,0,10,0.0,,0.0,0.17948717948717952,,,,,,,,
c172p,aileron_step,B_pqrdot_5ad2694c,0.00208781778067212,0,0,10,0.0,,0.0,,,,,,,,,
c172p,rudder_doublet,B_piston_power_bcd3f980,0.0,0,1,10,0.07692307692307693,1.0,0.2,0.6068376068376069,,,,1.0,1.0,0.0,1.0,
c172p,rudder_doublet,B_pqrdot_5ad2694c,0.00023861446918576286,0,1,10,0.045454545454545456,1.0,0.2,,,,,1.0,1.0,0.0,1.0,
c172p,bank_hold,B_piston_power_bcd3f980,0.0,0,0,10,0.0,,0.0,0.5897435897435898,,,,,,,,
c172p,bank_hold,B_pqrdot_5ad2694c,0.0039164552331192905,0,0,10,0.0,,0.0,,,,,,,,,
c172p,flap_extend,B_piston_power_bcd3f980,0.0,0,3,10,0.15384615384615385,0.6666666666666666,0.6,0.5042735042735044,,,,0.0,1.0,0.0,1.0,
c172p,flap_extend,B_pqrdot_5ad2694c,0.0014371564334766617,0,3,10,0.13636363636363635,1.0,0.6,,,,,0.0,1.0,0.0,1.0,
c172p,climbing_turn,B_piston_power_bcd3f980,0.0,0,5,10,0.07692307692307693,0.2,0.4,0.49572649572649574,,,,0.4,1.0,0.0,0.8,
c172p,climbing_turn,B_pqrdot_5ad2694c,0.0008441260724877488,0,5,10,0.22727272727272727,1.0,0.4,,,,,0.4,1.0,0.0,0.8,
c172p,elev_doublet_distractor,B_piston_power_bcd3f980,0.0,0,1,10,0.0,0.0,0.2,0.5128205128205128,,,,0.0,1.0,0.0,1.0,
c172p,elev_doublet_distractor,B_pqrdot_5ad2694c,0.00013569605490777089,0,1,10,0.045454545454545456,1.0,0.2,,,,,0.0,1.0,0.0,1.0,
c172p,engine_stop,B_piston_power_bcd3f980,62188.436997925426,13,22,6,1.0,0.5909090909090909,1.0,0.20512820512820518,1.0,0.5909090909090909,0.20512820512820518,0.9090909090909091,1.0,0.7272727272727273,,1.0
c172r,cruise,B_piston_power_bcd3f980,0.0,0,0,10,0.0,,0.0,0.34188034188034194,,,,,,,,
c172r,cruise,B_pqrdot_5ad2694c,0.04738642169339831,0,0,10,0.0,,0.0,,,,,,,,,
c172r,throttle_step,B_piston_power_bcd3f980,0.0,0,6,10,0.07692307692307693,0.16666666666666666,0.6,0.15384615384615385,,,,0.0,1.0,0.0,1.0,
c172r,throttle_step,B_pqrdot_5ad2694c,0.004850278967060639,0,6,10,0.2727272727272727,1.0,0.6,,,,,0.0,1.0,0.0,1.0,
c172r,elev_doublet,B_piston_power_bcd3f980,0.0,0,3,10,0.0,0.0,0.4,0.21367521367521367,,,,0.0,1.0,0.0,1.0,
c172r,elev_doublet,B_pqrdot_5ad2694c,0.0005832197979001434,0,3,10,0.13636363636363635,1.0,0.4,,,,,0.0,1.0,0.0,1.0,
c172r,elev_step,B_piston_power_bcd3f980,0.0,0,6,10,0.15384615384615385,0.3333333333333333,0.6,0.4871794871794872,,,,0.0,1.0,0.0,1.0,
c172r,elev_step,B_pqrdot_5ad2694c,0.0010077279694141008,0,6,10,0.2727272727272727,1.0,0.6,,,,,0.0,1.0,0.0,1.0,
c172r,aileron_step,B_piston_power_bcd3f980,0.0,0,0,10,0.0,,0.0,0.17094017094017094,,,,,,,,
c172r,aileron_step,B_pqrdot_5ad2694c,0.00310419328787347,0,0,10,0.0,,0.0,,,,,,,,,
c172r,rudder_doublet,B_piston_power_bcd3f980,0.0,0,0,10,0.0,,0.0,0.35897435897435903,,,,,,,,
c172r,rudder_doublet,B_pqrdot_5ad2694c,0.0003794788038387612,0,0,10,0.0,,0.0,,,,,,,,,
c172r,bank_hold,B_piston_power_bcd3f980,0.0,0,1,10,0.0,0.0,0.2,0.39316239316239315,,,,0.0,1.0,0.0,1.0,
c172r,bank_hold,B_pqrdot_5ad2694c,0.003951455930465856,0,1,10,0.045454545454545456,1.0,0.2,,,,,0.0,1.0,0.0,1.0,
c172r,flap_extend,B_piston_power_bcd3f980,0.0,0,5,10,0.38461538461538464,1.0,0.4,0.6666666666666667,,,,0.0,1.0,0.0,1.0,
c172r,flap_extend,B_pqrdot_5ad2694c,0.0038356318562337,0,5,10,0.22727272727272727,1.0,0.4,,,,,0.0,1.0,0.0,1.0,
c172r,climbing_turn,B_piston_power_bcd3f980,0.0,0,0,10,0.0,,0.0,0.5384615384615385,,,,,,,,
c172r,climbing_turn,B_pqrdot_5ad2694c,0.0016004641434046105,0,0,10,0.0,,0.0,,,,,,,,,
c172r,elev_doublet_distractor,B_piston_power_bcd3f980,0.0,0,2,10,0.15384615384615385,1.0,0.2,0.6410256410256412,,,,1.0,0.0,0.0,0.0,
c172r,elev_doublet_distractor,B_pqrdot_5ad2694c,0.00018449372739838887,0,2,10,0.09090909090909091,1.0,0.2,,,,,1.0,0.0,0.0,0.0,
c182,cruise,B_piston_power_bcd3f980,0.0038442781689970898,0,5,10,0.38461538461538464,1.0,0.4,0.6068376068376068,,,,0.4,,0.4,,
c182,cruise,B_pqrdot_5ad2694c,0.0006801702827814231,0,5,10,0.22727272727272727,1.0,0.4,,,,,0.4,,0.4,,
c182,throttle_step,B_piston_power_bcd3f980,0.00034238746855389315,0,4,10,0.23076923076923078,0.75,0.6,0.7264957264957266,,,,0.75,1.0,0.0,1.0,
c182,throttle_step,B_pqrdot_5ad2694c,0.002396382017056856,0,4,10,0.18181818181818182,1.0,0.6,,,,,0.75,1.0,0.0,1.0,
c182,elev_doublet,B_piston_power_bcd3f980,0.0005003249653112863,0,0,10,0.0,,0.0,0.28205128205128205,,,,,,,,
c182,elev_doublet,B_pqrdot_5ad2694c,0.0004119566801478463,0,0,10,0.0,,0.0,,,,,,,,,
c182,elev_step,B_piston_power_bcd3f980,0.0010685204920804843,0,0,10,0.0,,0.0,0.4273504273504274,,,,,,,,
c182,elev_step,B_pqrdot_5ad2694c,0.0010883968660007504,0,0,10,0.0,,0.0,,,,,,,,,
c182,aileron_step,B_piston_power_bcd3f980,0.0006902887076365546,0,0,10,0.0,,0.0,0.5641025641025641,,,,,,,,
c182,aileron_step,B_pqrdot_5ad2694c,0.0005979598500334396,0,0,10,0.0,,0.0,,,,,,,,,
c182,rudder_doublet,B_piston_power_bcd3f980,0.0006113600417452685,0,3,10,0.15384615384615385,0.6666666666666666,0.4,0.4444444444444445,,,,0.0,1.0,0.0,1.0,
c182,rudder_doublet,B_pqrdot_5ad2694c,0.0003989519253229235,0,3,10,0.13636363636363635,1.0,0.4,,,,,0.0,1.0,0.0,1.0,
c182,bank_hold,B_piston_power_bcd3f980,0.0005429964103663997,0,0,10,0.0,,0.0,0.6239316239316239,,,,,,,,
c182,bank_hold,B_pqrdot_5ad2694c,0.0007848682928131741,0,0,10,0.0,,0.0,,,,,,,,,
c182,climbing_turn,B_piston_power_bcd3f980,0.0002507878364947478,0,0,10,0.0,,0.0,0.4017094017094017,,,,,,,,
c182,climbing_turn,B_pqrdot_5ad2694c,0.0002447971350884834,0,0,10,0.0,,0.0,,,,,,,,,
c182,elev_doublet_distractor,B_piston_power_bcd3f980,0.00031489501391769435,0,0,10,0.0,,0.0,0.3162393162393162,,,,,,,,
c182,elev_doublet_distractor,B_pqrdot_5ad2694c,0.00013529303455391865,0,0,10,0.0,,0.0,,,,,,,,,
c182,engine_stop,B_piston_power_bcd3f980,0.0008709017474941414,0,3,10,0.15384615384615385,0.6666666666666666,0.4,0.641025641025641,,,,0.0,1.0,0.0,,
c310,cruise,B_piston_power_bcd3f980,0.6683269438408712,0,3,10,0.0,0.0,0.4,0.44444444444444453,,,,0.0,,0.6666666666666666,,
c310,cruise,B_pqrdot_5ad2694c,0.0002334993311228227,0,2,10,0.09090909090909091,1.0,0.4,,,,,0.5,,0.0,,
c310,throttle_step,B_piston_power_bcd3f980,0.4172517021870279,0,0,9,0.0,,0.0,0.8461538461538463,,,,,,,,
c310,throttle_step,B_pqrdot_5ad2694c,0.0017440008419855567,0,0,9,0.0,,0.0,,,,,,,,,
c310,elev_doublet,B_piston_power_bcd3f980,0.20032381196634713,0,0,9,0.0,,0.0,0.8205128205128206,,,,,,,,
c310,elev_doublet,B_pqrdot_5ad2694c,0.0001493474628973058,0,0,9,0.0,,0.0,,,,,,,,,
c310,elev_step,B_piston_power_bcd3f980,0.7205983530760572,0,0,9,0.0,,0.0,0.829059829059829,,,,,,,,
c310,elev_step,B_pqrdot_5ad2694c,0.00024619341956745485,0,0,9,0.0,,0.0,,,,,,,,,
c310,aileron_step,B_piston_power_bcd3f980,0.6240989514510147,0,0,10,0.0,,0.0,0.4188034188034188,,,,,,,,
c310,aileron_step,B_pqrdot_5ad2694c,0.00033994783639617736,0,1,10,0.045454545454545456,1.0,0.2,,,,,0.0,1.0,0.0,1.0,
c310,rudder_doublet,B_piston_power_bcd3f980,0.20297357007470593,0,0,10,0.0,,0.0,0.1794871794871795,,,,,,,,
c310,rudder_doublet,B_pqrdot_5ad2694c,0.0004395637790554784,0,1,10,0.045454545454545456,1.0,0.2,,,,,0.0,1.0,0.0,1.0,
c310,bank_hold,B_piston_power_bcd3f980,0.10148198800341675,0,2,10,0.15384615384615385,1.0,0.2,0.9743589743589745,,,,0.0,1.0,0.0,1.0,
c310,bank_hold,B_pqrdot_5ad2694c,0.00044246987269086296,0,2,10,0.09090909090909091,1.0,0.2,,,,,0.0,1.0,0.0,1.0,
c310,flap_extend,B_piston_power_bcd3f980,1.0685132598929983,0,4,10,0.3076923076923077,1.0,0.4,0.9401709401709402,,,,0.0,1.0,0.0,1.0,
c310,flap_extend,B_pqrdot_5ad2694c,0.0001961557756531197,0,4,10,0.18181818181818182,1.0,0.4,,,,,0.0,1.0,0.0,1.0,
c310,engine_cut,B_piston_power_bcd3f980,0.25678786467127784,0,3,10,0.15384615384615385,0.6666666666666666,0.6,0.37606837606837606,,,,0.0,1.0,0.0,,
c310,engine_cut,B_pqrdot_5ad2694c,0.001281275497628265,0,1,10,0.045454545454545456,1.0,0.2,,,,,0.0,1.0,0.0,,
c310,climbing_turn,B_piston_power_bcd3f980,0.4860362734605272,0,0,10,0.0,,0.0,0.2905982905982906,,,,,,,,
c310,climbing_turn,B_pqrdot_5ad2694c,0.0006725145848552296,0,7,10,0.3181818181818182,1.0,0.6,,,,,0.0,0.5714285714285714,0.0,1.0,
c310,elev_doublet_distractor,B_piston_power_bcd3f980,0.22245202141185152,0,2,9,0.0,0.0,0.2,0.3162393162393163,,,,0.0,1.0,0.0,1.0,
c310,elev_doublet_distractor,B_pqrdot_5ad2694c,0.00014969636966776021,0,1,9,0.045454545454545456,1.0,0.2,,,,,0.0,1.0,0.0,1.0,
c310,engine_stop,B_piston_power_bcd3f980,0.3328904439918686,0,0,10,0.0,,0.0,0.7008547008547009,,,,,,,,
f15,cruise,B_elevator_drag_8819410c,4.440630134312834,3,15,10,0.6923076923076923,0.6,0.8,0.6837606837606838,1.0,0.2,0.5087719298245614,0.2,,0.06666666666666667,,1.0
f15,cruise,B_pqrdot_5ad2694c,7.377619704510031,1,3,10,0.13636363636363635,1.0,0.2,,1.0,0.3333333333333333,0.6666666666666667,0.0,,0.0,,1.0
f15,cruise,B_turbine_windmill_2db8e408,0.0,0,2,10,0.0,0.0,0.2,0.4871794871794872,,,,0.0,,0.0,,
f15,throttle_step,B_elevator_drag_8819410c,0.7482977848901248,0,11,10,0.46153846153846156,0.5454545454545454,0.8,0.6837606837606838,,,,0.6363636363636364,0.9090909090909091,0.45454545454545453,1.0,
f15,throttle_step,B_pqrdot_5ad2694c,0.0009701300751723177,0,3,10,0.13636363636363635,1.0,0.2,,,,,0.0,1.0,0.0,1.0,
f15,throttle_step,B_turbine_windmill_2db8e408,0.0,0,3,10,0.23076923076923078,1.0,0.2,0.5641025641025641,,,,0.0,1.0,0.0,1.0,
f15,elev_doublet,B_elevator_drag_8819410c,0.5264024893672907,0,7,10,0.46153846153846156,0.8571428571428571,1.0,0.6923076923076924,,,,0.0,1.0,0.0,1.0,
f15,elev_doublet,B_pqrdot_5ad2694c,0.1854091638783335,0,5,10,0.22727272727272727,1.0,0.6,,,,,0.0,1.0,0.0,1.0,
f15,elev_doublet,B_turbine_windmill_2db8e408,0.0,0,4,10,0.3076923076923077,1.0,0.6,0.5897435897435898,,,,0.0,1.0,0.0,1.0,
f15,elev_step,B_elevator_drag_8819410c,1.031442243993034,1,6,10,0.15384615384615385,0.3333333333333333,0.6,0.4273504273504274,1.0,0.16666666666666666,1.0,0.16666666666666666,1.0,0.0,1.0,1.0
f15,elev_step,B_pqrdot_5ad2694c,0.2368363996688544,0,3,10,0.13636363636363635,1.0,0.4,,,,,0.3333333333333333,1.0,0.0,1.0,
f15,elev_step,B_turbine_windmill_2db8e408,0.0,0,1,10,0.0,0.0,0.2,0.11965811965811966,,,,0.0,1.0,0.0,1.0,
f15,aileron_step,B_elevator_drag_8819410c,0.04004476802645454,0,12,10,0.6923076923076923,0.75,0.8,0.7264957264957266,,,,0.16666666666666666,0.5833333333333334,0.08333333333333333,0.9166666666666666,
f15,aileron_step,B_pqrdot_5ad2694c,0.0045913261862862865,0,1,10,0.045454545454545456,1.0,0.2,,,,,0.0,1.0,0.0,1.0,
f15,aileron_step,B_turbine_windmill_2db8e408,0.0,0,1,10,0.0,0.0,0.2,0.22222222222222227,,,,0.0,1.0,0.0,1.0,
f15,rudder_doublet,B_elevator_drag_8819410c,0.10342183589878956,0,2,10,0.15384615384615385,1.0,0.4,0.7350427350427351,,,,1.0,1.0,0.5,1.0,
f15,rudder_doublet,B_pqrdot_5ad2694c,0.0002896573187053463,0,0,10,0.0,,0.0,,,,,,,,,
f15,rudder_doublet,B_turbine_windmill_2db8e408,0.0,0,0,10,0.0,,0.0,0.6837606837606838,,,,,,,,
f15,bank_hold,B_elevator_drag_8819410c,0.03306589941456861,0,3,10,0.23076923076923078,1.0,0.4,0.6923076923076923,,,,1.0,0.3333333333333333,1.0,1.0,
f15,bank_hold,B_pqrdot_5ad2694c,0.0034476187313494835,0,0,10,0.0,,0.0,,,,,,,,,
f15,bank_hold,B_turbine_windmill_2db8e408,0.0,0,0,10,0.0,,0.0,0.29059829059829057,,,,,,,,
f15,flap_extend,B_elevator_drag_8819410c,4.99653545063687,3,11,10,0.5384615384615384,0.6363636363636364,0.8,0.8205128205128206,1.0,0.2727272727272727,0.7192982456140351,0.36363636363636365,1.0,0.45454545454545453,1.0,1.0
f15,flap_extend,B_pqrdot_5ad2694c,1.7158609718670406,1,1,10,0.045454545454545456,1.0,0.2,,0.0,0.0,0.7619047619047619,0.0,1.0,0.0,1.0,0.0
f15,flap_extend,B_turbine_windmill_2db8e408,0.0,0,1,10,0.07692307692307693,1.0,0.2,0.4444444444444445,,,,0.0,1.0,0.0,1.0,
f15,engine_cut,B_elevator_drag_8819410c,7.1386237546021825,7,16,10,0.7692307692307693,0.625,1.0,0.47008547008547014,0.7142857142857143,0.3125,0.6000000000000001,0.75,0.375,0.5,0.0,1.0
f15,engine_cut,B_pqrdot_5ad2694c,0.004637005886427346,0,0,10,0.0,,0.0,,,,,,,,,
f15,engine_cut,B_turbine_windmill_2db8e408,0.0,0,0,10,0.0,,0.0,0.36752136752136755,,,,,,,,
f15,climbing_turn,B_elevator_drag_8819410c,0.6551996499162659,0,4,10,0.15384615384615385,0.5,0.4,0.5128205128205128,,,,0.75,0.5,1.0,0.5,
f15,climbing_turn,B_pqrdot_5ad2694c,0.0015214462351718953,0,0,10,0.0,,0.0,,,,,,,,,
f15,climbing_turn,B_turbine_windmill_2db8e408,0.0,0,0,10,0.0,,0.0,0.1965811965811966,,,,,,,,
f15,elev_doublet_distractor,B_elevator_drag_8819410c,0.1523024360995345,0,0,10,0.0,,0.0,0.6923076923076924,,,,,,,,
f15,elev_doublet_distractor,B_pqrdot_5ad2694c,9.930982809819727e-05,0,0,10,0.0,,0.0,,,,,,,,,
f15,elev_doublet_distractor,B_turbine_windmill_2db8e408,0.0,0,0,10,0.0,,0.0,0.452991452991453,,,,,,,,
f15,engine_restart,B_elevator_drag_8819410c,4.551950152736474,9,19,10,0.8461538461538461,0.5789473684210527,1.0,0.7606837606837606,1.0,0.47368421052631576,0.8205128205128205,1.0,0.631578947368421,0.7894736842105263,0.2631578947368421,1.0
f15,engine_restart,B_pqrdot_5ad2694c,0.001575608856575009,0,0,10,0.0,,0.0,,,,,,,,,
f15,engine_restart,B_turbine_windmill_2db8e408,14.740586993166156,10,22,10,1.0,0.5909090909090909,1.0,0.5811965811965812,1.0,0.45454545454545453,0.6583333333333333,0.7727272727272727,0.3181818181818182,0.5454545454545454,0.18181818181818182,1.0
f16,cruise,B_pqrdot_5ad2694c,0.05101126284623645,0,0,10,0.0,,0.0,,,,,,,,,
f16,cruise,B_turbine_windmill_2db8e408,0.0,0,0,10,0.0,,0.0,0.12820512820512822,,,,,,,,
f16,throttle_step,B_pqrdot_5ad2694c,0.05008351865443102,0,1,10,0.045454545454545456,1.0,0.2,,,,,0.0,1.0,0.0,1.0,
f16,throttle_step,B_turbine_windmill_2db8e408,0.0,0,1,10,0.07692307692307693,1.0,0.2,0.49572649572649574,,,,0.0,1.0,0.0,1.0,
f16,elev_doublet,B_pqrdot_5ad2694c,0.6650238852210291,0,1,10,0.045454545454545456,1.0,0.2,,,,,0.0,1.0,0.0,1.0,
f16,elev_doublet,B_turbine_windmill_2db8e408,0.0,0,0,10,0.0,,0.0,0.3333333333333333,,,,,,,,
f16,elev_step,B_pqrdot_5ad2694c,0.023041486660070602,0,0,10,0.0,,0.0,,,,,,,,,
f16,elev_step,B_turbine_windmill_2db8e408,0.0,0,0,10,0.0,,0.0,0.2905982905982907,,,,,,,,
f16,aileron_step,B_pqrdot_5ad2694c,0.005137070797416922,0,0,10,0.0,,0.0,,,,,,,,,
f16,aileron_step,B_turbine_windmill_2db8e408,0.0,0,0,10,0.0,,0.0,0.5982905982905983,,,,,,,,
f16,rudder_doublet,B_pqrdot_5ad2694c,0.0047921678536438014,0,0,10,0.0,,0.0,,,,,,,,,
f16,rudder_doublet,B_turbine_windmill_2db8e408,0.0,0,0,10,0.0,,0.0,0.5555555555555556,,,,,,,,
f16,flap_extend,B_pqrdot_5ad2694c,0.04984407471309014,0,0,10,0.0,,0.0,,,,,,,,,
f16,flap_extend,B_turbine_windmill_2db8e408,0.0,0,0,10,0.0,,0.0,0.358974358974359,,,,,,,,
f16,elev_doublet_distractor,B_pqrdot_5ad2694c,0.0013975315824665817,0,3,10,0.13636363636363635,1.0,0.6,,,,,0.0,0.6666666666666666,0.0,0.6666666666666666,
f16,elev_doublet_distractor,B_turbine_windmill_2db8e408,0.0,0,3,10,0.23076923076923078,1.0,0.6,0.7521367521367521,,,,0.0,0.6666666666666666,0.0,0.6666666666666666,
global5000,cruise,B_pqrdot_5ad2694c,36.377251626783085,2,3,10,0.13636363636363635,1.0,0.4,,0.5,0.3333333333333333,0.575,0.3333333333333333,,0.3333333333333333,,1.0
global5000,cruise,B_turbine_windmill_2db8e408,0.0,0,2,10,0.07692307692307693,0.5,0.2,0.3846153846153846,,,,0.0,,0.0,,
global5000,throttle_step,B_pqrdot_5ad2694c,0.0012850835348039175,0,2,10,0.09090909090909091,1.0,0.2,,,,,0.0,1.0,0.0,0.5,
global5000,throttle_step,B_turbine_windmill_2db8e408,0.0,0,2,10,0.15384615384615385,1.0,0.2,0.4444444444444445,,,,0.0,1.0,0.0,0.5,
global5000,elev_doublet,B_pqrdot_5ad2694c,18.77787324222578,2,2,10,0.09090909090909091,1.0,0.2,,1.0,1.0,0.9249999999999999,0.5,0.5,0.0,1.0,1.0
global5000,elev_doublet,B_turbine_windmill_2db8e408,0.0,0,0,10,0.0,,0.0,0.3931623931623932,,,,,,,,
global5000,elev_step,B_pqrdot_5ad2694c,13.664744849347498,2,2,10,0.09090909090909091,1.0,0.2,,1.0,1.0,1.0,0.5,0.5,0.0,1.0,1.0
global5000,elev_step,B_turbine_windmill_2db8e408,0.0,0,0,10,0.0,,0.0,0.1452991452991453,,,,,,,,
global5000,aileron_step,B_pqrdot_5ad2694c,0.009382319338652963,0,0,10,0.0,,0.0,,,,,,,,,
global5000,aileron_step,B_turbine_windmill_2db8e408,0.0,0,0,10,0.0,,0.0,0.2478632478632479,,,,,,,,
global5000,rudder_doublet,B_pqrdot_5ad2694c,0.001054118860448464,0,0,10,0.0,,0.0,,,,,,,,,
global5000,rudder_doublet,B_turbine_windmill_2db8e408,0.0,0,0,10,0.0,,0.0,0.5726495726495727,,,,,,,,
global5000,bank_hold,B_pqrdot_5ad2694c,0.011796479083948192,0,1,10,0.045454545454545456,1.0,0.2,,,,,0.0,1.0,1.0,1.0,
global5000,bank_hold,B_turbine_windmill_2db8e408,0.0,0,1,10,0.07692307692307693,1.0,0.2,0.3162393162393163,,,,0.0,1.0,1.0,1.0,
global5000,flap_extend,B_pqrdot_5ad2694c,0.0004565655743989229,0,1,10,0.045454545454545456,1.0,0.2,,,,,0.0,1.0,0.0,1.0,
global5000,flap_extend,B_turbine_windmill_2db8e408,0.0,0,1,10,0.0,0.0,0.2,0.4700854700854701,,,,0.0,1.0,0.0,1.0,
global5000,engine_cut,B_pqrdot_5ad2694c,0.0023049849705204695,0,2,10,0.09090909090909091,1.0,0.4,,,,,0.0,0.0,0.0,0.0,
global5000,engine_cut,B_turbine_windmill_2db8e408,0.0,0,2,10,0.0,0.0,0.4,0.1880341880341881,,,,0.0,0.0,0.0,0.0,
global5000,climbing_turn,B_pqrdot_5ad2694c,0.007277389103167382,0,2,10,0.09090909090909091,1.0,0.4,,,,,0.0,0.0,0.0,0.5,
global5000,climbing_turn,B_turbine_windmill_2db8e408,0.0,0,2,10,0.0,0.0,0.4,0.025641025641025644,,,,0.0,0.0,0.0,0.5,
global5000,elev_doublet_distractor,B_pqrdot_5ad2694c,0.000199875218894806,0,6,10,0.2727272727272727,1.0,0.4,,,,,0.0,0.8333333333333334,0.0,0.8333333333333334,
global5000,elev_doublet_distractor,B_turbine_windmill_2db8e408,0.0,0,6,10,0.46153846153846156,1.0,0.4,0.9572649572649573,,,,0.0,0.8333333333333334,0.0,0.8333333333333334,
global5000,engine_restart,B_pqrdot_5ad2694c,0.0007550071921907008,0,0,10,0.0,,0.0,,,,,,,,,
global5000,engine_restart,B_turbine_windmill_2db8e408,19.256798731433772,8,19,10,0.8461538461538461,0.5789473684210527,0.8,0.5555555555555556,1.0,0.42105263157894735,0.7053571428571428,0.5263157894736842,0.7894736842105263,0.5263157894736842,0.2631578947368421,1.0
pa28,cruise,B_piston_power_bcd3f980,0.0,0,0,10,0.0,,0.0,0.3418803418803419,,,,,,,,
pa28,cruise,B_pqrdot_5ad2694c,0.00027648856537905073,0,0,10,0.0,,0.0,,,,,,,,,
pa28,throttle_step,B_piston_power_bcd3f980,0.0,0,0,10,0.0,,0.0,0.7008547008547008,,,,,,,,
pa28,throttle_step,B_pqrdot_5ad2694c,0.00038132214631904284,0,0,10,0.0,,0.0,,,,,,,,,
pa28,elev_doublet,B_piston_power_bcd3f980,0.0,0,0,10,0.0,,0.0,0.17948717948717952,,,,,,,,
pa28,elev_doublet,B_pqrdot_5ad2694c,0.0002001811005052394,0,0,10,0.0,,0.0,,,,,,,,,
pa28,elev_step,B_piston_power_bcd3f980,0.0,0,0,10,0.0,,0.0,0.37606837606837606,,,,,,,,
pa28,elev_step,B_pqrdot_5ad2694c,0.0004711336254432242,0,0,10,0.0,,0.0,,,,,,,,,
pa28,aileron_step,B_piston_power_bcd3f980,0.0,0,0,10,0.0,,0.0,0.6666666666666667,,,,,,,,
pa28,aileron_step,B_pqrdot_5ad2694c,0.000518622882829378,0,0,10,0.0,,0.0,,,,,,,,,
pa28,rudder_doublet,B_piston_power_bcd3f980,0.0,0,0,10,0.0,,0.0,0.5213675213675214,,,,,,,,
pa28,rudder_doublet,B_pqrdot_5ad2694c,0.0001727698325876546,0,0,10,0.0,,0.0,,,,,,,,,
pa28,bank_hold,B_piston_power_bcd3f980,0.0,0,0,10,0.0,,0.0,0.15384615384615388,,,,,,,,
pa28,bank_hold,B_pqrdot_5ad2694c,0.0007121506123580963,0,0,10,0.0,,0.0,,,,,,,,,
pa28,flap_extend,B_piston_power_bcd3f980,0.0,0,0,10,0.0,,0.0,0.39316239316239315,,,,,,,,
pa28,flap_extend,B_pqrdot_5ad2694c,0.0015652714338414825,0,0,10,0.0,,0.0,,,,,,,,,
pa28,climbing_turn,B_piston_power_bcd3f980,0.0,0,1,10,0.0,0.0,0.2,0.33333333333333337,,,,1.0,1.0,0.0,1.0,
pa28,climbing_turn,B_pqrdot_5ad2694c,0.0007272922846120902,0,1,10,0.045454545454545456,1.0,0.2,,,,,1.0,1.0,0.0,1.0,
pa28,elev_doublet_distractor,B_piston_power_bcd3f980,0.0,0,0,10,0.0,,0.0,0.5384615384615384,,,,,,,,
pa28,elev_doublet_distractor,B_pqrdot_5ad2694c,0.00010573337468768878,0,0,10,0.0,,0.0,,,,,,,,,
pa28,engine_stop,B_piston_power_bcd3f980,0.0,0,0,9,0.0,,0.0,0.6837606837606838,,,,,,,,
pc7,cruise,B_pqrdot_5ad2694c,7.802502232463234e-05,0,0,10,0.0,,0.0,,,,,,,,,
pc7,throttle_step,B_pqrdot_5ad2694c,0.00019811767718052006,0,0,10,0.0,,0.0,,,,,,,,,
pc7,elev_doublet,B_pqrdot_5ad2694c,8.675841616021032e-05,0,0,10,0.0,,0.0,,,,,,,,,
pc7,elev_step,B_pqrdot_5ad2694c,0.0001216448216877226,0,0,10,0.0,,0.0,,,,,,,,,
pc7,aileron_step,B_pqrdot_5ad2694c,0.0003427012506553593,0,1,10,0.045454545454545456,1.0,0.2,,,,,0.0,1.0,0.0,1.0,
pc7,rudder_doublet,B_pqrdot_5ad2694c,5.844136770286387e-05,0,2,10,0.09090909090909091,1.0,0.4,,,,,0.0,1.0,0.0,1.0,
pc7,bank_hold,B_pqrdot_5ad2694c,0.0003521472870912918,0,1,10,0.045454545454545456,1.0,0.2,,,,,0.0,1.0,0.0,1.0,
pc7,flap_extend,B_pqrdot_5ad2694c,0.00011719791050968464,0,0,10,0.0,,0.0,,,,,,,,,
pc7,climbing_turn,B_pqrdot_5ad2694c,0.0004336169802566339,0,0,10,0.0,,0.0,,,,,,,,,
pc7,elev_doublet_distractor,B_pqrdot_5ad2694c,8.255411717878285e-05,0,1,10,0.045454545454545456,1.0,0.2,,,,,0.0,0.0,0.0,0.0,
t6texan2,cruise,B_pqrdot_5ad2694c,0.36961683918000265,0,4,10,0.18181818181818182,1.0,0.6,,,,,0.0,,0.0,,
t6texan2,throttle_step,B_pqrdot_5ad2694c,0.026340066962219254,0,3,10,0.13636363636363635,1.0,0.6,,,,,0.6666666666666666,1.0,0.0,1.0,
t6texan2,elev_doublet,B_pqrdot_5ad2694c,0.06906290267101926,0,0,10,0.0,,0.0,,,,,,,,,
t6texan2,elev_step,B_pqrdot_5ad2694c,0.07075739363644327,0,0,10,0.0,,0.0,,,,,,,,,
t6texan2,aileron_step,B_pqrdot_5ad2694c,0.0026800986826923936,0,0,10,0.0,,0.0,,,,,,,,,
t6texan2,rudder_doublet,B_pqrdot_5ad2694c,0.00023748518687049405,0,0,10,0.0,,0.0,,,,,,,,,
t6texan2,bank_hold,B_pqrdot_5ad2694c,0.0031274011228283947,0,0,10,0.0,,0.0,,,,,,,,,
t6texan2,flap_extend,B_pqrdot_5ad2694c,0.21344399029411956,0,1,10,0.045454545454545456,1.0,0.2,,,,,0.0,1.0,0.0,1.0,
t6texan2,climbing_turn,B_pqrdot_5ad2694c,0.0009447769063082764,0,1,10,0.045454545454545456,1.0,0.2,,,,,0.0,1.0,1.0,1.0,
t6texan2,elev_doublet_distractor,B_pqrdot_5ad2694c,0.00038580615322959734,0,3,10,0.13636363636363635,1.0,0.4,,,,,0.0,0.6666666666666666,0.0,0.0,
