aircraft,manoeuvre,fault,n_flag,base_vsd,es_max,n_gated,phys_R/P,phys_cat,phys_auc,gated_R/P,gated_cat,gated_auc,false_alarm
737,cruise,inertia_x1.6,2,0.731,0.72,0.0,0.09/1.00,0.40/1.00,,-,,,
737,cruise,cmq_x0.5,4,0.731,0.28,0.0,0.00/0.00,0.40/1.00,0.24,-,,,
737,cruise,cmalpha_x0.7,0,0.731,0.81,0.0,0.00/0.00,0.00/0.00,0.28,-,,,
737,cruise,clo_+0.1,4,0.731,4.22,3.0,0.23/0.75,0.20/1.00,0.51,0.00/0.00,0.33/1.00,0.0,
737,cruise,noop,4,0.731,,,,,,,,,0.18
737,throttle_step,inertia_x1.6,1,0.701,0.36,0.0,0.05/1.00,0.20/1.00,,-,,,
737,throttle_step,cmq_x0.5,2,0.701,0.45,0.0,0.08/0.50,0.40/1.00,0.44,-,,,
737,throttle_step,cmalpha_x0.7,1,0.701,0.25,0.0,0.00/0.00,0.20/1.00,0.44,-,,,
737,throttle_step,clo_+0.1,3,0.701,4.71,3.0,0.15/0.67,0.40/1.00,0.44,0.33/0.33,0.67/1.00,0.33,
737,throttle_step,noop,2,0.701,,,,,,,,,0.09
737,elev_doublet,inertia_x1.6,2,0.705,0.5,0.0,0.09/1.00,0.40/1.00,,-,,,
737,elev_doublet,cmq_x0.5,2,0.705,0.24,0.0,0.00/0.00,0.40/1.00,0.56,-,,,
737,elev_doublet,cmalpha_x0.7,2,0.705,0.46,0.0,0.00/0.00,0.40/1.00,0.51,-,,,
737,elev_doublet,clo_+0.1,5,0.705,4.05,3.0,0.23/0.60,0.40/1.00,0.62,0.00/0.00,0.67/1.00,0.0,
737,elev_doublet,noop,2,0.705,,,,,,,,,0.09
737,elev_step,inertia_x1.6,1,0.741,0.52,0.0,0.05/1.00,0.20/1.00,,-,,,
737,elev_step,cmq_x0.5,2,0.741,0.61,0.0,0.15/1.00,0.40/1.00,0.43,-,,,
737,elev_step,cmalpha_x0.7,0,0.741,0.97,0.0,0.00/0.00,0.00/0.00,0.63,-,,,
737,elev_step,clo_+0.1,4,0.741,4.69,3.0,0.23/0.75,0.40/1.00,0.64,0.00/0.00,0.33/0.50,0.16,
737,elev_step,noop,2,0.741,,,,,,,,,0.09
737,aileron_step,inertia_x1.6,0,0.714,0.33,0.0,0.00/0.00,0.00/0.00,,-,,,
737,aileron_step,cmq_x0.5,1,0.714,0.34,0.0,0.08/1.00,0.20/1.00,0.23,-,,,
737,aileron_step,cmalpha_x0.7,0,0.714,0.36,0.0,0.00/0.00,0.00/0.00,0.42,-,,,
737,aileron_step,clo_+0.1,8,0.714,4.07,3.0,0.31/0.50,0.80/1.00,0.64,0.33/0.12,1.00/0.75,0.33,
737,aileron_step,noop,0,0.714,,,,,,,,,0.0
737,rudder_doublet,inertia_x1.6,1,0.711,0.47,0.0,0.05/1.00,0.20/1.00,,-,,,
737,rudder_doublet,cmq_x0.5,2,0.711,0.36,0.0,0.15/1.00,0.40/1.00,0.62,-,,,
737,rudder_doublet,cmalpha_x0.7,1,0.711,0.66,0.0,0.08/1.00,0.20/1.00,0.47,-,,,
737,rudder_doublet,clo_+0.1,4,0.711,4.4,3.0,0.31/1.00,0.40/1.00,0.7,0.33/0.25,0.67/1.00,0.25,
737,rudder_doublet,noop,2,0.711,,,,,,,,,0.09
737,bank_hold,inertia_x1.6,4,0.72,0.44,0.0,0.18/1.00,0.60/1.00,,-,,,
737,bank_hold,cmq_x0.5,4,0.72,0.41,0.0,0.23/0.75,0.60/1.00,0.62,-,,,
737,bank_hold,cmalpha_x0.7,5,0.72,0.47,0.0,0.31/0.80,0.60/1.00,0.68,-,,,
737,bank_hold,clo_+0.1,8,0.72,4.08,3.0,0.38/0.62,0.80/1.00,0.48,0.33/0.12,1.00/0.75,0.33,
737,bank_hold,noop,3,0.72,,,,,,,,,0.14
737,flap_extend,inertia_x1.6,1,0.62,0.43,0.0,0.05/1.00,0.20/1.00,,-,,,
737,flap_extend,cmq_x0.5,1,0.62,0.39,0.0,0.00/0.00,0.20/1.00,0.26,-,,,
737,flap_extend,cmalpha_x0.7,1,0.62,0.63,0.0,0.00/0.00,0.20/1.00,0.3,-,,,
737,flap_extend,clo_+0.1,3,0.62,2.55,2.0,0.23/1.00,0.60/1.00,0.5,0.50/0.33,0.50/0.33,0.9,
737,flap_extend,noop,2,0.62,,,,,,,,,0.09
737,engine_cut,inertia_x1.6,0,0.712,0.38,0.0,0.00/0.00,0.00/0.00,,-,,,
737,engine_cut,cmq_x0.5,1,0.712,0.26,0.0,0.00/0.00,0.20/1.00,0.59,-,,,
737,engine_cut,cmalpha_x0.7,0,0.712,0.43,0.0,0.00/0.00,0.00/0.00,0.63,-,,,
737,engine_cut,clo_+0.1,3,0.712,4.84,7.0,0.23/1.00,0.20/1.00,0.68,0.00/0.00,0.20/1.00,0.4,
737,engine_cut,noop,1,0.712,,,,,,,,,0.05
737,climbing_turn,inertia_x1.6,0,0.658,0.48,0.0,0.00/0.00,0.00/0.00,,-,,,
737,climbing_turn,cmq_x0.5,0,0.658,0.44,0.0,0.00/0.00,0.00/0.00,0.76,-,,,
737,climbing_turn,cmalpha_x0.7,0,0.658,0.64,0.0,0.00/0.00,0.00/0.00,0.66,-,,,
737,climbing_turn,clo_+0.1,2,0.658,4.37,2.0,0.08/0.50,0.20/1.00,0.38,0.00/0.00,0.00/0.00,0.0,
737,climbing_turn,noop,0,0.658,,,,,,,,,0.0
737,elev_doublet_distractor,inertia_x1.6,0,0.724,0.7,0.0,0.00/0.00,0.00/0.00,,-,,,
737,elev_doublet_distractor,cmq_x0.5,1,0.724,0.33,0.0,0.08/1.00,0.20/1.00,0.83,-,,,
737,elev_doublet_distractor,cmalpha_x0.7,0,0.724,0.58,0.0,0.00/0.00,0.00/0.00,0.64,-,,,
737,elev_doublet_distractor,clo_+0.1,9,0.724,3.98,4.0,0.46/0.67,0.60/1.00,0.79,0.50/0.22,0.75/1.00,0.36,
737,elev_doublet_distractor,noop,0,0.724,,,,,,,,,0.0
737,engine_restart,inertia_x1.6,1,0.665,0.44,0.0,0.05/1.00,0.20/1.00,,-,,,
737,engine_restart,cmq_x0.5,1,0.665,0.5,0.0,0.00/0.00,0.20/1.00,0.49,-,,,
737,engine_restart,cmalpha_x0.7,0,0.665,0.56,0.0,0.00/0.00,0.00/0.00,0.38,-,,,
737,engine_restart,clo_+0.1,4,0.665,4.15,7.0,0.23/0.75,0.20/1.00,0.49,0.00/0.00,0.20/1.00,0.1,
737,engine_restart,noop,1,0.665,,,,,,,,,0.05
787-8,cruise,inertia_x1.6,0,0.695,0.52,0.0,0.00/0.00,0.00/0.00,,-,,,
787-8,cruise,cmq_x0.5,0,0.695,0.28,0.0,0.00/0.00,0.00/0.00,0.71,-,,,
787-8,cruise,cmalpha_x0.7,5,0.695,0.68,0.0,0.38/1.00,0.80/1.00,0.64,-,,,
787-8,cruise,clo_+0.1,4,0.695,4.11,3.0,0.31/1.00,0.40/1.00,0.56,0.00/0.00,0.33/0.50,0.0,
787-8,cruise,noop,0,0.695,,,,,,,,,0.0
787-8,throttle_step,inertia_x1.6,1,0.671,0.44,0.0,0.05/1.00,0.20/1.00,,-,,,
787-8,throttle_step,cmq_x0.5,2,0.671,0.27,0.0,0.15/1.00,0.40/1.00,0.87,-,,,
787-8,throttle_step,cmalpha_x0.7,1,0.671,0.88,0.0,0.08/1.00,0.20/1.00,0.69,-,,,
787-8,throttle_step,clo_+0.1,2,0.671,4.08,3.0,0.15/1.00,0.20/1.00,0.57,0.00/0.00,0.33/1.00,0.0,
787-8,throttle_step,noop,1,0.671,,,,,,,,,0.05
787-8,elev_doublet,inertia_x1.6,1,0.674,0.41,0.0,0.05/1.00,0.20/1.00,,-,,,
787-8,elev_doublet,cmq_x0.5,2,0.674,0.41,0.0,0.15/1.00,0.40/1.00,0.5,-,,,
787-8,elev_doublet,cmalpha_x0.7,3,0.674,0.49,0.0,0.15/0.67,0.40/1.00,0.44,-,,,
787-8,elev_doublet,clo_+0.1,4,0.674,4.1,3.0,0.31/1.00,0.40/1.00,0.59,0.00/0.00,0.33/0.50,0.0,
787-8,elev_doublet,noop,1,0.674,,,,,,,,,0.05
787-8,elev_step,inertia_x1.6,0,0.733,0.43,0.0,0.00/0.00,0.00/0.00,,-,,,
787-8,elev_step,cmq_x0.5,1,0.733,0.55,0.0,0.00/0.00,0.20/1.00,0.52,-,,,
787-8,elev_step,cmalpha_x0.7,2,0.733,1.86,5.0,0.15/1.00,0.40/1.00,0.26,0.00/0.00,0.25/0.50,0.15,
787-8,elev_step,clo_+0.1,3,0.733,3.93,3.0,0.08/0.33,0.40/1.00,0.33,0.00/0.00,0.67/1.00,0.0,
787-8,elev_step,noop,1,0.733,,,,,,,,,0.05
787-8,aileron_step,inertia_x1.6,0,0.705,0.39,0.0,0.00/0.00,0.00/0.00,,-,,,
787-8,aileron_step,cmq_x0.5,0,0.705,0.23,0.0,0.00/0.00,0.00/0.00,0.62,-,,,
787-8,aileron_step,cmalpha_x0.7,5,0.705,0.38,0.0,0.38/1.00,0.40/1.00,0.79,-,,,
787-8,aileron_step,clo_+0.1,5,0.705,3.36,5.0,0.23/0.60,0.80/1.00,0.63,0.20/0.20,0.75/0.75,0.39,
787-8,aileron_step,noop,0,0.705,,,,,,,,,0.0
787-8,rudder_doublet,inertia_x1.6,0,0.736,0.39,0.0,0.00/0.00,0.00/0.00,,-,,,
787-8,rudder_doublet,cmq_x0.5,0,0.736,0.27,0.0,0.00/0.00,0.00/0.00,0.56,-,,,
787-8,rudder_doublet,cmalpha_x0.7,5,0.736,0.95,0.0,0.31/0.80,0.60/1.00,0.73,-,,,
787-8,rudder_doublet,clo_+0.1,3,0.736,4.62,3.0,0.15/0.67,0.20/1.00,0.51,0.00/0.00,0.33/1.00,0.0,
787-8,rudder_doublet,noop,0,0.736,,,,,,,,,0.0
787-8,bank_hold,inertia_x1.6,0,0.709,0.31,0.0,0.00/0.00,0.00/0.00,,-,,,
787-8,bank_hold,cmq_x0.5,1,0.709,0.24,0.0,0.08/1.00,0.20/1.00,0.74,-,,,
787-8,bank_hold,cmalpha_x0.7,3,0.709,0.81,0.0,0.23/1.00,0.40/1.00,0.71,-,,,
787-8,bank_hold,clo_+0.1,6,0.709,4.18,3.0,0.31/0.67,0.80/1.00,0.55,0.00/0.00,0.67/0.50,0.0,
787-8,bank_hold,noop,1,0.709,,,,,,,,,0.05
787-8,flap_extend,inertia_x1.6,2,0.629,0.53,0.0,0.09/1.00,0.40/1.00,,-,,,
787-8,flap_extend,cmq_x0.5,0,0.629,0.68,0.0,0.00/0.00,0.00/0.00,0.29,-,,,
787-8,flap_extend,cmalpha_x0.7,3,0.629,1.15,4.0,0.23/1.00,0.60/1.00,0.34,0.25/0.33,1.00/0.67,0.42,
787-8,flap_extend,clo_+0.1,1,0.629,3.71,3.0,0.08/1.00,0.20/1.00,0.43,0.33/1.00,0.33/1.00,0.58,
787-8,flap_extend,noop,0,0.629,,,,,,,,,0.0
787-8,engine_cut,inertia_x1.6,0,0.703,0.34,0.0,0.00/0.00,0.00/0.00,,-,,,
787-8,engine_cut,cmq_x0.5,0,0.703,0.21,0.0,0.00/0.00,0.00/0.00,0.4,-,,,
787-8,engine_cut,cmalpha_x0.7,3,0.703,1.19,0.0,0.23/1.00,0.40/1.00,0.56,-,,,
787-8,engine_cut,clo_+0.1,6,0.703,4.5,3.0,0.31/0.67,0.20/1.00,0.56,0.00/0.00,0.33/1.00,0.0,
787-8,engine_cut,noop,0,0.703,,,,,,,,,0.0
787-8,climbing_turn,inertia_x1.6,2,0.607,0.44,0.0,0.09/1.00,0.20/1.00,,-,,,
787-8,climbing_turn,cmq_x0.5,3,0.607,0.37,0.0,0.23/1.00,0.40/1.00,0.74,-,,,
787-8,climbing_turn,cmalpha_x0.7,8,0.607,1.51,8.0,0.62/1.00,0.60/1.00,0.74,0.62/0.62,0.50/0.67,0.58,
787-8,climbing_turn,clo_+0.1,13,0.607,3.88,3.0,0.69/0.69,1.00/1.00,0.66,0.33/0.08,1.00/0.60,0.32,
787-8,climbing_turn,noop,3,0.607,,,,,,,,,0.14
787-8,elev_doublet_distractor,inertia_x1.6,0,0.753,0.43,0.0,0.00/0.00,0.00/0.00,,-,,,
787-8,elev_doublet_distractor,cmq_x0.5,1,0.753,0.27,0.0,0.08/1.00,0.20/1.00,0.33,-,,,
787-8,elev_doublet_distractor,cmalpha_x0.7,1,0.753,0.39,0.0,0.08/1.00,0.20/1.00,0.45,-,,,
787-8,elev_doublet_distractor,clo_+0.1,4,0.753,2.9,3.0,0.15/0.50,0.40/1.00,0.5,0.00/0.00,0.33/0.50,0.0,
787-8,elev_doublet_distractor,noop,0,0.753,,,,,,,,,0.0
787-8,engine_restart,inertia_x1.6,0,0.665,0.26,0.0,0.00/0.00,0.00/0.00,,-,,,
787-8,engine_restart,cmq_x0.5,0,0.665,0.32,0.0,0.00/0.00,0.00/0.00,0.62,-,,,
787-8,engine_restart,cmalpha_x0.7,3,0.665,0.45,0.0,0.15/0.67,0.40/1.00,0.51,-,,,
787-8,engine_restart,clo_+0.1,0,0.665,3.74,3.0,0.00/0.00,0.00/0.00,0.38,0.00/0.00,0.00/0.00,0.0,
787-8,engine_restart,noop,0,0.665,,,,,,,,,0.0
A320,cruise,inertia_x1.6,1,0.695,0.52,0.0,0.05/1.00,0.20/1.00,,-,,,
A320,cruise,cmq_x0.5,0,0.695,0.06,0.0,0.00/0.00,0.00/0.00,0.32,-,,,
A320,cruise,cmalpha_x0.7,4,0.695,0.95,0.0,0.15/0.50,0.40/1.00,0.37,-,,,
A320,cruise,clo_+0.1,2,0.695,3.77,3.0,0.15/1.00,0.20/1.00,0.44,0.00/0.00,0.33/1.00,0.0,
A320,cruise,noop,0,0.695,,,,,,,,,0.0
A320,throttle_step,inertia_x1.6,0,0.689,0.6,0.0,0.00/0.00,0.00/0.00,,-,,,
A320,throttle_step,cmq_x0.5,0,0.689,0.06,0.0,0.00/0.00,0.00/0.00,0.52,-,,,
A320,throttle_step,cmalpha_x0.7,1,0.689,0.62,0.0,0.00/0.00,0.20/1.00,0.66,-,,,
A320,throttle_step,clo_+0.1,1,0.689,3.55,3.0,0.00/0.00,0.20/1.00,0.41,0.00/0.00,0.00/0.00,0.0,
A320,throttle_step,noop,0,0.689,,,,,,,,,0.0
A320,elev_doublet,inertia_x1.6,0,0.703,1.22,2.0,0.00/0.00,0.00/0.00,,0.00/0.00,0.00/0.00,0.88,
A320,elev_doublet,cmq_x0.5,1,0.703,0.1,0.0,0.00/0.00,0.20/1.00,0.48,-,,,
A320,elev_doublet,cmalpha_x0.7,1,0.703,0.91,0.0,0.08/1.00,0.20/1.00,0.42,-,,,
A320,elev_doublet,clo_+0.1,0,0.703,3.11,4.0,0.00/0.00,0.00/0.00,0.56,0.00/0.00,0.00/0.00,0.17,
A320,elev_doublet,noop,1,0.703,,,,,,,,,0.05
A320,elev_step,inertia_x1.6,0,0.727,0.6,0.0,0.00/0.00,0.00/0.00,,-,,,
A320,elev_step,cmq_x0.5,0,0.727,0.1,0.0,0.00/0.00,0.00/0.00,0.43,-,,,
A320,elev_step,cmalpha_x0.7,0,0.727,2.91,5.0,0.00/0.00,0.00/0.00,0.14,0.00/0.00,0.00/0.00,0.18,
A320,elev_step,clo_+0.1,0,0.727,3.46,5.0,0.00/0.00,0.00/0.00,0.2,0.00/0.00,0.00/0.00,0.02,
A320,elev_step,noop,0,0.727,,,,,,,,,0.0
A320,aileron_step,inertia_x1.6,1,0.712,0.57,0.0,0.05/1.00,0.20/1.00,,-,,,
A320,aileron_step,cmq_x0.5,2,0.712,0.06,0.0,0.15/1.00,0.40/1.00,0.77,-,,,
A320,aileron_step,cmalpha_x0.7,4,0.712,0.56,0.0,0.23/0.75,0.60/1.00,0.42,-,,,
A320,aileron_step,clo_+0.1,5,0.712,3.92,2.0,0.08/0.20,0.60/1.00,0.38,0.00/0.00,0.50/0.33,0.0,
A320,aileron_step,noop,3,0.712,,,,,,,,,0.14
A320,rudder_doublet,inertia_x1.6,3,0.703,0.53,0.0,0.14/1.00,0.40/1.00,,-,,,
A320,rudder_doublet,cmq_x0.5,2,0.703,0.06,0.0,0.15/1.00,0.20/1.00,0.55,-,,,
A320,rudder_doublet,cmalpha_x0.7,4,0.703,0.41,0.0,0.31/1.00,0.40/1.00,0.63,-,,,
A320,rudder_doublet,clo_+0.1,6,0.703,3.65,3.0,0.38/0.83,0.60/1.00,0.54,0.00/0.00,0.33/0.33,0.0,
A320,rudder_doublet,noop,2,0.703,,,,,,,,,0.09
A320,bank_hold,inertia_x1.6,0,0.727,0.6,0.0,0.00/0.00,0.00/0.00,,-,,,
A320,bank_hold,cmq_x0.5,0,0.727,0.07,0.0,0.00/0.00,0.00/0.00,0.28,-,,,
A320,bank_hold,cmalpha_x0.7,1,0.727,0.46,0.0,0.00/0.00,0.20/1.00,0.22,-,,,
A320,bank_hold,clo_+0.1,9,0.727,3.7,3.0,0.31/0.44,0.80/1.00,0.51,0.33/0.11,0.67/0.50,0.63,
A320,bank_hold,noop,0,0.727,,,,,,,,,0.0
A320,flap_extend,inertia_x1.6,0,0.621,0.54,0.0,0.00/0.00,0.00/0.00,,-,,,
A320,flap_extend,cmq_x0.5,1,0.621,0.07,0.0,0.08/1.00,0.20/1.00,0.3,-,,,
A320,flap_extend,cmalpha_x0.7,8,0.621,3.67,8.0,0.62/1.00,0.80/1.00,0.69,0.75/0.75,0.75/0.75,0.91,
A320,flap_extend,clo_+0.1,4,0.621,3.69,4.0,0.31/1.00,0.40/1.00,0.57,0.00/0.00,0.33/0.50,0.22,
A320,flap_extend,noop,1,0.621,,,,,,,,,0.05
A320,engine_cut,inertia_x1.6,0,0.724,0.53,0.0,0.00/0.00,0.00/0.00,,-,,,
A320,engine_cut,cmq_x0.5,0,0.724,0.07,0.0,0.00/0.00,0.00/0.00,0.62,-,,,
A320,engine_cut,cmalpha_x0.7,0,0.724,0.8,0.0,0.00/0.00,0.00/0.00,0.69,-,,,
A320,engine_cut,clo_+0.1,2,0.724,3.62,3.0,0.08/0.50,0.20/1.00,0.5,0.00/0.00,0.33/1.00,0.07,
A320,engine_cut,noop,0,0.724,,,,,,,,,0.0
A320,climbing_turn,inertia_x1.6,1,0.627,0.61,0.0,0.05/1.00,0.20/1.00,,-,,,
A320,climbing_turn,cmq_x0.5,0,0.627,0.07,0.0,0.00/0.00,0.00/0.00,0.56,-,,,
A320,climbing_turn,cmalpha_x0.7,4,0.627,0.69,0.0,0.31/1.00,0.40/1.00,0.91,-,,,
A320,climbing_turn,clo_+0.1,7,0.627,3.77,2.0,0.31/0.57,0.80/1.00,0.65,0.50/0.14,1.00/0.50,0.5,
A320,climbing_turn,noop,0,0.627,,,,,,,,,0.0
A320,elev_doublet_distractor,inertia_x1.6,2,0.711,0.86,0.0,0.09/1.00,0.40/1.00,,-,,,
A320,elev_doublet_distractor,cmq_x0.5,1,0.711,0.09,0.0,0.08/1.00,0.20/1.00,0.82,-,,,
A320,elev_doublet_distractor,cmalpha_x0.7,2,0.711,0.84,0.0,0.15/1.00,0.40/1.00,0.7,-,,,
A320,elev_doublet_distractor,clo_+0.1,6,0.711,2.96,3.0,0.31/0.67,0.60/1.00,0.61,0.33/0.17,0.67/0.67,0.33,
A320,elev_doublet_distractor,noop,2,0.711,,,,,,,,,0.09
A320,engine_restart,inertia_x1.6,0,0.681,0.51,0.0,0.00/0.00,0.00/0.00,,-,,,
A320,engine_restart,cmq_x0.5,0,0.681,0.06,0.0,0.00/0.00,0.00/0.00,0.83,-,,,
A320,engine_restart,cmalpha_x0.7,4,0.681,0.39,0.0,0.31/1.00,0.40/1.00,0.75,-,,,
A320,engine_restart,clo_+0.1,4,0.681,3.66,3.0,0.31/1.00,0.40/1.00,0.51,0.00/0.00,0.33/0.50,0.0,
A320,engine_restart,noop,0,0.681,,,,,,,,,0.0
A4,cruise,inertia_x1.6,4,0.681,0.82,0.0,0.18/1.00,0.60/1.00,,-,,,
A4,cruise,cmq_x0.5,5,0.681,0.18,0.0,0.15/0.40,0.40/1.00,0.36,-,,,
A4,cruise,cmalpha_x0.7,2,0.681,0.57,0.0,0.00/0.00,0.20/1.00,0.39,-,,,
A4,cruise,clo_+0.1,5,0.681,8.03,5.0,0.38/1.00,0.40/1.00,0.71,0.20/0.20,0.50/1.00,0.28,
A4,cruise,noop,4,0.681,,,,,,,,,0.18
A4,throttle_step,inertia_x1.6,0,0.691,0.59,0.0,0.00/0.00,0.00/0.00,,-,,,
A4,throttle_step,cmq_x0.5,0,0.691,0.19,0.0,0.00/0.00,0.00/0.00,0.72,-,,,
A4,throttle_step,cmalpha_x0.7,1,0.691,1.26,1.0,0.08/1.00,0.20/1.00,0.33,0.00/0.00,0.00/0.00,0.05,
A4,throttle_step,clo_+0.1,4,0.691,7.95,5.0,0.31/1.00,0.40/1.00,0.72,0.20/0.25,0.50/1.00,0.27,
A4,throttle_step,noop,0,0.691,,,,,,,,,0.0
A4,elev_doublet,inertia_x1.6,1,0.706,0.49,0.0,0.05/1.00,0.20/1.00,,-,,,
A4,elev_doublet,cmq_x0.5,3,0.706,0.17,0.0,0.15/0.67,0.60/1.00,0.6,-,,,
A4,elev_doublet,cmalpha_x0.7,6,0.706,0.79,0.0,0.23/0.50,0.60/1.00,0.62,-,,,
A4,elev_doublet,clo_+0.1,6,0.706,6.92,4.0,0.38/0.83,0.40/1.00,0.79,0.25/0.17,0.50/1.00,0.25,
A4,elev_doublet,noop,2,0.706,,,,,,,,,0.09
A4,elev_step,inertia_x1.6,0,0.731,0.52,0.0,0.00/0.00,0.00/0.00,,-,,,
A4,elev_step,cmq_x0.5,2,0.731,0.24,0.0,0.00/0.00,0.40/1.00,0.34,-,,,
A4,elev_step,cmalpha_x0.7,1,0.731,2.05,4.0,0.08/1.00,0.20/1.00,0.65,0.00/0.00,0.00/0.00,0.33,
A4,elev_step,clo_+0.1,6,0.731,7.91,4.0,0.38/0.83,0.40/1.00,0.54,0.00/0.00,0.25/0.50,0.12,
A4,elev_step,noop,1,0.731,,,,,,,,,0.05
A4,aileron_step,inertia_x1.6,1,0.697,0.53,0.0,0.05/1.00,0.20/1.00,,-,,,
A4,aileron_step,cmq_x0.5,4,0.697,0.18,0.0,0.31/1.00,0.40/1.00,0.74,-,,,
A4,aileron_step,cmalpha_x0.7,2,0.697,0.35,0.0,0.15/1.00,0.40/1.00,0.85,-,,,
A4,aileron_step,clo_+0.1,4,0.697,8.14,7.0,0.31/1.00,0.20/1.00,0.64,0.14/0.25,0.20/1.00,0.33,
A4,aileron_step,noop,2,0.697,,,,,,,,,0.09
A4,rudder_doublet,inertia_x1.6,0,0.701,0.58,0.0,0.00/0.00,0.00/0.00,,-,,,
A4,rudder_doublet,cmq_x0.5,0,0.701,0.18,0.0,0.00/0.00,0.00/0.00,0.68,-,,,
A4,rudder_doublet,cmalpha_x0.7,1,0.701,0.61,0.0,0.00/0.00,0.20/1.00,0.44,-,,,
A4,rudder_doublet,clo_+0.1,3,0.701,8.41,3.0,0.23/1.00,0.20/1.00,0.49,0.00/0.00,0.33/1.00,0.0,
A4,rudder_doublet,noop,0,0.701,,,,,,,,,0.0
A4,bank_hold,inertia_x1.6,2,0.716,0.44,0.0,0.09/1.00,0.20/1.00,,-,,,
A4,bank_hold,cmq_x0.5,0,0.716,0.19,0.0,0.00/0.00,0.00/0.00,0.32,-,,,
A4,bank_hold,cmalpha_x0.7,1,0.716,0.59,0.0,0.08/1.00,0.20/1.00,0.46,-,,,
A4,bank_hold,clo_+0.1,2,0.716,8.15,5.0,0.15/1.00,0.20/1.00,0.3,0.00/0.00,0.25/1.00,0.13,
A4,bank_hold,noop,0,0.716,,,,,,,,,0.0
A4,flap_extend,inertia_x1.6,0,0.702,0.56,0.0,0.00/0.00,0.00/0.00,,-,,,
A4,flap_extend,cmq_x0.5,0,0.702,0.79,0.0,0.00/0.00,0.00/0.00,0.04,-,,,
A4,flap_extend,cmalpha_x0.7,0,0.702,1.77,3.0,0.00/0.00,0.00/0.00,0.16,0.00/0.00,0.00/0.00,0.35,
A4,flap_extend,clo_+0.1,2,0.702,5.52,4.0,0.08/0.50,0.40/1.00,0.37,0.00/0.00,0.50/1.00,0.15,
A4,flap_extend,noop,0,0.702,,,,,,,,,0.0
A4,climbing_turn,inertia_x1.6,1,0.656,0.48,0.0,0.05/1.00,0.20/1.00,,-,,,
A4,climbing_turn,cmq_x0.5,0,0.656,0.23,0.0,0.00/0.00,0.00/0.00,0.4,-,,,
A4,climbing_turn,cmalpha_x0.7,2,0.656,1.81,4.0,0.00/0.00,0.40/1.00,0.41,0.00/0.00,0.33/0.50,0.03,
A4,climbing_turn,clo_+0.1,11,0.656,8.28,7.0,0.46/0.55,0.80/1.00,0.48,0.43/0.27,0.80/1.00,0.46,
A4,climbing_turn,noop,0,0.656,,,,,,,,,0.0
A4,elev_doublet_distractor,inertia_x1.6,0,0.688,0.53,0.0,0.00/0.00,0.00/0.00,,-,,,
A4,elev_doublet_distractor,cmq_x0.5,2,0.688,0.17,0.0,0.00/0.00,0.40/1.00,0.34,-,,,
A4,elev_doublet_distractor,cmalpha_x0.7,3,0.688,0.69,0.0,0.08/0.33,0.60/1.00,0.52,-,,,
A4,elev_doublet_distractor,clo_+0.1,6,0.688,7.38,4.0,0.38/0.83,0.40/1.00,0.52,0.00/0.00,0.25/0.50,0.06,
A4,elev_doublet_distractor,noop,2,0.688,,,,,,,,,0.09
B747,cruise,inertia_x1.6,1,0.715,0.53,0.0,0.05/1.00,0.20/1.00,,-,,,
B747,cruise,cmq_x0.5,0,0.715,0.21,0.0,0.00/0.00,0.00/0.00,0.48,-,,,
B747,cruise,cmalpha_x0.7,3,0.715,0.95,0.0,0.23/1.00,0.60/1.00,0.64,-,,,
B747,cruise,clo_+0.1,3,0.715,4.62,3.0,0.23/1.00,0.40/1.00,0.66,0.33/0.33,0.33/0.50,0.32,
B747,cruise,noop,0,0.715,,,,,,,,,0.0
B747,throttle_step,inertia_x1.6,0,0.671,0.4,0.0,0.00/0.00,0.00/0.00,,-,,,
B747,throttle_step,cmq_x0.5,0,0.671,0.4,0.0,0.00/0.00,0.00/0.00,0.88,-,,,
B747,throttle_step,cmalpha_x0.7,0,0.671,0.41,0.0,0.00/0.00,0.00/0.00,0.84,-,,,
B747,throttle_step,clo_+0.1,1,0.671,4.75,3.0,0.08/1.00,0.20/1.00,0.56,0.00/0.00,0.33/1.00,0.02,
B747,throttle_step,noop,0,0.671,,,,,,,,,0.0
B747,elev_doublet,inertia_x1.6,2,0.716,0.98,0.0,0.09/1.00,0.40/1.00,,-,,,
B747,elev_doublet,cmq_x0.5,4,0.716,0.26,0.0,0.08/0.25,0.60/1.00,0.39,-,,,
B747,elev_doublet,cmalpha_x0.7,1,0.716,0.87,0.0,0.08/1.00,0.20/1.00,0.31,-,,,
B747,elev_doublet,clo_+0.1,1,0.716,4.21,3.0,0.08/1.00,0.20/1.00,0.36,0.00/0.00,0.00/0.00,0.0,
B747,elev_doublet,noop,3,0.716,,,,,,,,,0.14
B747,elev_step,inertia_x1.6,0,0.753,0.81,0.0,0.00/0.00,0.00/0.00,,-,,,
B747,elev_step,cmq_x0.5,1,0.753,0.8,0.0,0.00/0.00,0.20/1.00,0.79,-,,,
B747,elev_step,cmalpha_x0.7,2,0.753,1.0,1.0,0.15/1.00,0.20/1.00,0.62,0.00/0.00,1.00/1.00,0.1,
B747,elev_step,clo_+0.1,1,0.753,4.62,3.0,0.08/1.00,0.20/1.00,0.5,0.33/1.00,0.33/1.00,0.37,
B747,elev_step,noop,3,0.753,,,,,,,,,0.14
B747,aileron_step,inertia_x1.6,1,0.718,0.67,0.0,0.05/1.00,0.20/1.00,,-,,,
B747,aileron_step,cmq_x0.5,0,0.718,0.34,0.0,0.00/0.00,0.00/0.00,0.62,-,,,
B747,aileron_step,cmalpha_x0.7,0,0.718,0.44,0.0,0.00/0.00,0.00/0.00,0.56,-,,,
B747,aileron_step,clo_+0.1,0,0.718,4.74,3.0,0.00/0.00,0.00/0.00,0.37,0.00/0.00,0.00/0.00,0.0,
B747,aileron_step,noop,0,0.718,,,,,,,,,0.0
B747,rudder_doublet,inertia_x1.6,1,0.673,0.47,0.0,0.05/1.00,0.20/1.00,,-,,,
B747,rudder_doublet,cmq_x0.5,0,0.673,0.26,0.0,0.00/0.00,0.00/0.00,0.37,-,,,
B747,rudder_doublet,cmalpha_x0.7,2,0.673,0.61,0.0,0.15/1.00,0.20/1.00,0.5,-,,,
B747,rudder_doublet,clo_+0.1,6,0.673,4.88,3.0,0.31/0.67,0.60/1.00,0.43,0.33/0.17,0.67/0.67,0.32,
B747,rudder_doublet,noop,0,0.673,,,,,,,,,0.0
B747,bank_hold,inertia_x1.6,0,0.719,0.32,0.0,0.00/0.00,0.00/0.00,,-,,,
B747,bank_hold,cmq_x0.5,0,0.719,0.25,0.0,0.00/0.00,0.00/0.00,0.62,-,,,
B747,bank_hold,cmalpha_x0.7,1,0.719,0.71,0.0,0.00/0.00,0.20/1.00,0.34,-,,,
B747,bank_hold,clo_+0.1,4,0.719,4.85,3.0,0.08/0.25,0.60/1.00,0.45,0.33/0.25,0.67/0.67,0.33,
B747,bank_hold,noop,0,0.719,,,,,,,,,0.0
B747,flap_extend,inertia_x1.6,1,0.715,0.53,0.0,0.05/1.00,0.20/1.00,,-,,,
B747,flap_extend,cmq_x0.5,0,0.715,0.82,0.0,0.00/0.00,0.00/0.00,0.44,-,,,
B747,flap_extend,cmalpha_x0.7,5,0.715,2.25,11.0,0.38/1.00,0.60/1.00,0.69,0.36/0.80,0.60/1.00,0.68,
B747,flap_extend,clo_+0.1,0,0.715,2.11,2.0,0.00/0.00,0.00/0.00,0.49,0.00/0.00,0.00/0.00,0.25,
B747,flap_extend,noop,0,0.715,,,,,,,,,0.0
B747,engine_cut,inertia_x1.6,1,0.712,0.34,0.0,0.05/1.00,0.20/1.00,,-,,,
B747,engine_cut,cmq_x0.5,1,0.712,0.23,0.0,0.08/1.00,0.20/1.00,0.5,-,,,
B747,engine_cut,cmalpha_x0.7,1,0.712,0.26,0.0,0.08/1.00,0.20/1.00,0.59,-,,,
B747,engine_cut,clo_+0.1,2,0.712,4.7,3.0,0.15/1.00,0.40/1.00,0.74,0.67/1.00,0.67/1.00,0.6,
B747,engine_cut,noop,0,0.712,,,,,,,,,0.0
B747,climbing_turn,inertia_x1.6,0,0.62,0.49,0.0,0.00/0.00,0.00/0.00,,-,,,
B747,climbing_turn,cmq_x0.5,0,0.62,0.74,0.0,0.00/0.00,0.00/0.00,0.46,-,,,
B747,climbing_turn,cmalpha_x0.7,5,0.62,1.1,3.0,0.08/0.20,0.60/1.00,0.38,0.00/0.00,1.00/1.00,0.28,
B747,climbing_turn,clo_+0.1,5,0.62,5.14,3.0,0.15/0.40,0.80/1.00,0.23,0.33/0.20,1.00/0.75,0.4,
B747,climbing_turn,noop,0,0.62,,,,,,,,,0.0
B747,elev_doublet_distractor,inertia_x1.6,1,0.731,0.7,0.0,0.05/1.00,0.20/1.00,,-,,,
B747,elev_doublet_distractor,cmq_x0.5,0,0.731,0.39,0.0,0.00/0.00,0.00/0.00,0.56,-,,,
B747,elev_doublet_distractor,cmalpha_x0.7,4,0.731,0.34,0.0,0.23/0.75,0.60/1.00,0.5,-,,,
B747,elev_doublet_distractor,clo_+0.1,7,0.731,4.61,3.0,0.38/0.71,0.60/1.00,0.32,0.67/0.29,0.67/0.67,0.67,
B747,elev_doublet_distractor,noop,0,0.731,,,,,,,,,0.0
B747,engine_restart,inertia_x1.6,0,0.656,0.54,0.0,0.00/0.00,0.00/0.00,,-,,,
B747,engine_restart,cmq_x0.5,0,0.656,0.51,0.0,0.00/0.00,0.00/0.00,0.38,-,,,
B747,engine_restart,cmalpha_x0.7,1,0.656,0.84,0.0,0.08/1.00,0.20/1.00,0.18,-,,,
B747,engine_restart,clo_+0.1,0,0.656,4.56,3.0,0.00/0.00,0.00/0.00,0.36,0.00/0.00,0.00/0.00,0.0,
B747,engine_restart,noop,0,0.656,,,,,,,,,0.0
Boeing314,cruise,inertia_x1.6,2,0.774,0.56,0.0,0.09/1.00,0.20/1.00,,-,,,
Boeing314,cruise,cmq_x0.5,3,0.774,0.99,0.0,0.15/0.67,0.60/1.00,0.63,-,,,
Boeing314,cruise,cmalpha_x0.7,0,0.774,0.4,0.0,0.00/0.00,0.00/0.00,0.6,-,,,
Boeing314,cruise,clo_+0.1,1,0.774,0.97,0.0,0.00/0.00,0.20/1.00,0.42,-,,,
Boeing314,cruise,noop,2,0.774,,,,,,,,,0.09
Boeing314,throttle_step,inertia_x1.6,1,0.725,0.67,0.0,0.05/1.00,0.20/1.00,,-,,,
Boeing314,throttle_step,cmq_x0.5,2,0.725,0.77,0.0,0.15/1.00,0.20/1.00,0.62,-,,,
Boeing314,throttle_step,cmalpha_x0.7,2,0.725,0.61,0.0,0.08/0.50,0.40/1.00,0.43,-,,,
Boeing314,throttle_step,clo_+0.1,2,0.725,0.71,0.0,0.15/1.00,0.40/1.00,0.68,-,,,
Boeing314,throttle_step,noop,0,0.725,,,,,,,,,0.0
Boeing314,elev_doublet,inertia_x1.6,0,0.762,0.71,0.0,0.00/0.00,0.00/0.00,,-,,,
Boeing314,elev_doublet,cmq_x0.5,0,0.762,0.89,0.0,0.00/0.00,0.00/0.00,0.55,-,,,
Boeing314,elev_doublet,cmalpha_x0.7,0,0.762,0.5,0.0,0.00/0.00,0.00/0.00,0.47,-,,,
Boeing314,elev_doublet,clo_+0.1,1,0.762,0.88,0.0,0.08/1.00,0.20/1.00,0.54,-,,,
Boeing314,elev_doublet,noop,0,0.762,,,,,,,,,0.0
Boeing314,elev_step,inertia_x1.6,0,0.779,0.53,0.0,0.00/0.00,0.00/0.00,,-,,,
Boeing314,elev_step,cmq_x0.5,0,0.779,1.23,4.0,0.00/0.00,0.00/0.00,0.4,0.00/0.00,0.00/0.00,0.12,
Boeing314,elev_step,cmalpha_x0.7,0,0.779,0.69,0.0,0.00/0.00,0.00/0.00,0.34,-,,,
Boeing314,elev_step,clo_+0.1,1,0.779,0.84,0.0,0.08/1.00,0.20/1.00,0.79,-,,,
Boeing314,elev_step,noop,1,0.779,,,,,,,,,0.05
Boeing314,aileron_step,inertia_x1.6,3,0.762,0.78,0.0,0.14/1.00,0.40/1.00,,-,,,
Boeing314,aileron_step,cmq_x0.5,1,0.762,1.18,0.0,0.08/1.00,0.20/1.00,0.36,-,,,
Boeing314,aileron_step,cmalpha_x0.7,1,0.762,1.08,2.0,0.00/0.00,0.20/1.00,0.38,0.00/0.00,0.00/0.00,0.6,
Boeing314,aileron_step,clo_+0.1,0,0.762,0.75,0.0,0.00/0.00,0.00/0.00,0.51,-,,,
Boeing314,aileron_step,noop,1,0.762,,,,,,,,,0.05
Boeing314,rudder_doublet,inertia_x1.6,0,0.758,0.39,0.0,0.00/0.00,0.00/0.00,,-,,,
Boeing314,rudder_doublet,cmq_x0.5,0,0.758,1.17,2.0,0.00/0.00,0.00/0.00,0.61,0.00/0.00,0.00/0.00,0.28,
Boeing314,rudder_doublet,cmalpha_x0.7,1,0.758,0.57,0.0,0.08/1.00,0.20/1.00,0.78,-,,,
Boeing314,rudder_doublet,clo_+0.1,1,0.758,0.98,0.0,0.08/1.00,0.20/1.00,0.4,-,,,
Boeing314,rudder_doublet,noop,0,0.758,,,,,,,,,0.0
Boeing314,bank_hold,inertia_x1.6,4,0.767,0.4,0.0,0.18/1.00,0.40/1.00,,-,,,
Boeing314,bank_hold,cmq_x0.5,3,0.767,0.88,0.0,0.23/1.00,0.40/1.00,0.79,-,,,
Boeing314,bank_hold,cmalpha_x0.7,5,0.767,0.39,0.0,0.31/0.80,0.20/1.00,0.72,-,,,
Boeing314,bank_hold,clo_+0.1,1,0.767,0.91,0.0,0.08/1.00,0.20/1.00,0.6,-,,,
Boeing314,bank_hold,noop,2,0.767,,,,,,,,,0.09
Boeing314,flap_extend,inertia_x1.6,2,0.748,1.39,1.0,0.09/1.00,0.40/1.00,,0.00/0.00,0.00/0.00,1.0,
Boeing314,flap_extend,cmq_x0.5,3,0.748,1.42,4.0,0.23/1.00,0.60/1.00,0.5,0.25/0.33,1.00/1.00,0.65,
Boeing314,flap_extend,cmalpha_x0.7,1,0.748,1.37,0.0,0.08/1.00,0.20/1.00,0.38,-,,,
Boeing314,flap_extend,clo_+0.1,3,0.748,1.26,0.0,0.23/1.00,0.20/1.00,0.66,-,,,
Boeing314,flap_extend,noop,1,0.748,,,,,,,,,0.05
Boeing314,engine_cut,inertia_x1.6,0,0.794,0.55,0.0,0.00/0.00,0.00/0.00,,-,,,
Boeing314,engine_cut,cmq_x0.5,0,0.794,0.83,0.0,0.00/0.00,0.00/0.00,0.37,-,,,
Boeing314,engine_cut,cmalpha_x0.7,0,0.794,0.7,0.0,0.00/0.00,0.00/0.00,0.65,-,,,
Boeing314,engine_cut,clo_+0.1,1,0.794,0.94,0.0,0.08/1.00,0.20/1.00,0.6,-,,,
Boeing314,engine_cut,noop,2,0.794,,,,,,,,,0.09
Boeing314,climbing_turn,inertia_x1.6,2,0.683,0.6,0.0,0.09/1.00,0.40/1.00,,-,,,
Boeing314,climbing_turn,cmq_x0.5,1,0.683,2.1,7.0,0.00/0.00,0.20/1.00,0.55,0.00/0.00,0.00/0.00,0.39,
Boeing314,climbing_turn,cmalpha_x0.7,1,0.683,0.75,0.0,0.00/0.00,0.20/1.00,0.52,-,,,
Boeing314,climbing_turn,clo_+0.1,2,0.683,0.97,0.0,0.00/0.00,0.40/1.00,0.53,-,,,
Boeing314,climbing_turn,noop,2,0.683,,,,,,,,,0.09
Boeing314,elev_doublet_distractor,inertia_x1.6,2,0.752,1.23,1.0,0.09/1.00,0.20/1.00,,0.00/0.00,0.00/0.00,1.0,
Boeing314,elev_doublet_distractor,cmq_x0.5,3,0.752,1.03,0.0,0.08/0.33,0.40/1.00,0.53,-,,,
Boeing314,elev_doublet_distractor,cmalpha_x0.7,2,0.752,1.3,0.0,0.08/0.50,0.40/1.00,0.79,-,,,
Boeing314,elev_doublet_distractor,clo_+0.1,2,0.752,0.97,0.0,0.15/1.00,0.20/1.00,0.63,-,,,
Boeing314,elev_doublet_distractor,noop,1,0.752,,,,,,,,,0.05
Boeing314,engine_stop,inertia_x1.6,0,0.802,0.73,0.0,0.00/0.00,0.00/0.00,,-,,,
Boeing314,engine_stop,cmq_x0.5,2,0.802,1.11,3.0,0.15/1.00,0.40/1.00,0.54,0.67/1.00,0.67/1.00,0.7,
Boeing314,engine_stop,cmalpha_x0.7,1,0.802,0.62,0.0,0.08/1.00,0.20/1.00,0.84,-,,,
Boeing314,engine_stop,clo_+0.1,2,0.802,1.43,0.0,0.08/0.50,0.20/1.00,0.73,-,,,
Boeing314,engine_stop,noop,0,0.802,,,,,,,,,0.0
Camel,cruise,cmq_x0.5,0,0.804,0.31,0.0,0.00/0.00,0.00/0.00,0.4,-,,,
Camel,cruise,cmalpha_x0.7,1,0.804,0.94,0.0,0.00/0.00,0.20/1.00,0.32,-,,,
Camel,cruise,clo_+0.1,3,0.804,0.76,0.0,0.15/0.67,0.60/1.00,0.4,-,,,
Camel,cruise,noop,0,0.804,,,,,,,,,0.0
Camel,throttle_step,cmq_x0.5,3,0.778,0.39,0.0,0.08/0.33,0.40/1.00,0.47,-,,,
Camel,throttle_step,cmalpha_x0.7,2,0.778,1.16,2.0,0.08/0.50,0.20/1.00,0.56,0.00/0.00,0.00/0.00,0.95,
Camel,throttle_step,clo_+0.1,3,0.778,1.11,1.0,0.15/0.67,0.60/1.00,0.62,0.00/0.00,0.00/0.00,0.67,
Camel,throttle_step,noop,3,0.778,,,,,,,,,0.14
Camel,elev_doublet,cmq_x0.5,1,0.759,0.48,0.0,0.00/0.00,0.20/1.00,0.52,-,,,
Camel,elev_doublet,cmalpha_x0.7,2,0.759,1.16,2.0,0.15/1.00,0.40/1.00,0.74,0.50/0.50,1.00/1.00,0.75,
Camel,elev_doublet,clo_+0.1,4,0.759,0.87,0.0,0.15/0.50,0.40/1.00,0.53,-,,,
Camel,elev_doublet,noop,2,0.759,,,,,,,,,0.09
Camel,elev_step,cmq_x0.5,1,0.772,1.11,0.0,0.00/0.00,0.20/1.00,0.47,-,,,
Camel,elev_step,cmalpha_x0.7,8,0.772,23.44,13.0,0.15/0.25,0.60/1.00,0.44,0.15/0.25,0.60/1.00,0.44,
Camel,elev_step,clo_+0.1,2,0.772,0.79,0.0,0.08/0.50,0.40/1.00,0.57,-,,,
Camel,elev_step,noop,0,0.772,,,,,,,,,0.0
Camel,aileron_step,cmq_x0.5,1,0.788,0.31,0.0,0.00/0.00,0.20/1.00,0.5,-,,,
Camel,aileron_step,cmalpha_x0.7,2,0.788,0.59,0.0,0.08/0.50,0.40/1.00,0.51,-,,,
Camel,aileron_step,clo_+0.1,4,0.788,0.91,0.0,0.15/0.50,0.80/1.00,0.58,-,,,
Camel,aileron_step,noop,1,0.788,,,,,,,,,0.05
Camel,rudder_doublet,cmq_x0.5,3,0.762,0.3,0.0,0.00/0.00,0.60/1.00,0.34,-,,,
Camel,rudder_doublet,cmalpha_x0.7,1,0.762,0.51,0.0,0.08/1.00,0.20/1.00,0.62,-,,,
Camel,rudder_doublet,clo_+0.1,2,0.762,1.06,0.0,0.08/0.50,0.40/1.00,0.74,-,,,
Camel,rudder_doublet,noop,1,0.762,,,,,,,,,0.05
Camel,bank_hold,cmq_x0.5,2,0.784,0.37,0.0,0.15/1.00,0.20/1.00,0.82,-,,,
Camel,bank_hold,cmalpha_x0.7,1,0.784,0.84,0.0,0.08/1.00,0.20/1.00,0.68,-,,,
Camel,bank_hold,clo_+0.1,1,0.784,1.04,1.0,0.08/1.00,0.20/1.00,0.57,1.00/1.00,1.00/1.00,0.9,
Camel,bank_hold,noop,3,0.784,,,,,,,,,0.14
Camel,flap_extend,cmq_x0.5,3,0.785,0.32,0.0,0.08/0.33,0.40/1.00,0.18,-,,,
Camel,flap_extend,cmalpha_x0.7,4,0.785,0.73,0.0,0.23/0.75,0.40/1.00,0.62,-,,,
Camel,flap_extend,clo_+0.1,2,0.785,0.77,0.0,0.08/0.50,0.20/1.00,0.68,-,,,
Camel,flap_extend,noop,5,0.785,,,,,,,,,0.23
Camel,climbing_turn,cmq_x0.5,12,0.696,1.86,6.0,0.46/0.50,0.80/1.00,0.29,0.83/0.42,1.00/0.75,0.67,
Camel,climbing_turn,cmalpha_x0.7,9,0.696,2.3,9.0,0.31/0.44,0.60/1.00,0.33,0.44/0.44,0.75/1.00,0.56,
Camel,climbing_turn,clo_+0.1,3,0.696,1.26,5.0,0.08/0.33,0.40/1.00,0.44,0.20/0.33,0.67/1.00,0.71,
Camel,climbing_turn,noop,0,0.696,,,,,,,,,0.0
Camel,elev_doublet_distractor,cmq_x0.5,3,0.781,0.48,0.0,0.15/0.67,0.40/1.00,0.48,-,,,
Camel,elev_doublet_distractor,cmalpha_x0.7,0,0.781,1.14,4.0,0.00/0.00,0.00/0.00,0.61,0.00/0.00,0.00/0.00,0.76,
Camel,elev_doublet_distractor,clo_+0.1,1,0.781,1.09,1.0,0.08/1.00,0.20/1.00,0.49,0.00/0.00,0.00/0.00,0.0,
Camel,elev_doublet_distractor,noop,4,0.781,,,,,,,,,0.18
Camel,engine_stop,cmq_x0.5,2,0.781,0.48,0.0,0.08/0.50,0.20/1.00,0.51,-,,,
Camel,engine_stop,cmalpha_x0.7,0,0.781,1.33,6.0,0.00/0.00,0.00/0.00,0.61,0.00/0.00,0.00/0.00,0.73,
Camel,engine_stop,clo_+0.1,4,0.781,0.78,0.0,0.15/0.50,0.60/1.00,0.56,-,,,
Camel,engine_stop,noop,2,0.781,,,,,,,,,0.09
F4N,cruise,inertia_x1.6,0,0.72,0.5,0.0,0.00/0.00,0.00/0.00,,-,,,
F4N,cruise,cmq_x0.5,3,0.72,0.35,0.0,0.15/0.67,0.40/1.00,0.55,-,,,
F4N,cruise,cmalpha_x0.7,6,0.72,0.71,0.0,0.38/0.83,0.80/1.00,0.63,-,,,
F4N,cruise,clo_+0.1,5,0.72,6.32,3.0,0.31/0.80,0.40/1.00,0.76,0.67/0.40,0.67/1.00,0.6,
F4N,cruise,noop,4,0.72,,,,,,,,,0.18
F4N,throttle_step,inertia_x1.6,2,0.678,0.73,0.0,0.09/1.00,0.40/1.00,,-,,,
F4N,throttle_step,cmq_x0.5,3,0.678,1.0,0.0,0.15/0.67,0.60/1.00,0.66,-,,,
F4N,throttle_step,cmalpha_x0.7,5,0.678,1.03,1.0,0.23/0.60,0.80/1.00,0.57,0.00/0.00,1.00/0.25,0.14,
F4N,throttle_step,clo_+0.1,2,0.678,7.04,3.0,0.15/1.00,0.20/1.00,0.43,0.00/0.00,0.33/1.00,0.05,
F4N,throttle_step,noop,2,0.678,,,,,,,,,0.09
F4N,elev_doublet,inertia_x1.6,4,0.744,0.47,0.0,0.18/1.00,0.60/1.00,,-,,,
F4N,elev_doublet,cmq_x0.5,3,0.744,0.33,0.0,0.00/0.00,0.60/1.00,0.44,-,,,
F4N,elev_doublet,cmalpha_x0.7,5,0.744,1.0,0.0,0.23/0.60,0.60/1.00,0.5,-,,,
F4N,elev_doublet,clo_+0.1,6,0.744,6.24,4.0,0.38/0.83,0.60/1.00,0.67,0.25/0.17,0.75/1.00,0.56,
F4N,elev_doublet,noop,3,0.744,,,,,,,,,0.14
F4N,elev_step,inertia_x1.6,1,0.728,0.48,0.0,0.05/1.00,0.20/1.00,,-,,,
F4N,elev_step,cmq_x0.5,1,0.728,1.25,2.0,0.08/1.00,0.20/1.00,0.31,0.00/0.00,0.00/0.00,0.35,
F4N,elev_step,cmalpha_x0.7,2,0.728,2.96,6.0,0.15/1.00,0.40/1.00,0.4,0.17/0.50,0.25/0.50,0.28,
F4N,elev_step,clo_+0.1,11,0.728,7.32,5.0,0.54/0.64,0.80/1.00,0.74,1.00/0.45,1.00/1.00,0.8,
F4N,elev_step,noop,0,0.728,,,,,,,,,0.0
F4N,aileron_step,inertia_x1.6,1,0.725,0.63,0.0,0.05/1.00,0.20/1.00,,-,,,
F4N,aileron_step,cmq_x0.5,1,0.725,0.4,0.0,0.08/1.00,0.20/1.00,0.74,-,,,
F4N,aileron_step,cmalpha_x0.7,4,0.725,0.44,0.0,0.15/0.50,0.40/1.00,0.53,-,,,
F4N,aileron_step,clo_+0.1,6,0.725,6.09,3.0,0.23/0.50,0.40/1.00,0.38,0.00/0.00,0.67/1.00,0.0,
F4N,aileron_step,noop,0,0.725,,,,,,,,,0.0
F4N,rudder_doublet,inertia_x1.6,0,0.737,0.83,0.0,0.00/0.00,0.00/0.00,,-,,,
F4N,rudder_doublet,cmq_x0.5,0,0.737,0.35,0.0,0.00/0.00,0.00/0.00,0.44,-,,,
F4N,rudder_doublet,cmalpha_x0.7,3,0.737,0.93,0.0,0.15/0.67,0.60/1.00,0.55,-,,,
F4N,rudder_doublet,clo_+0.1,3,0.737,6.62,3.0,0.08/0.33,0.60/1.00,0.48,0.00/0.00,0.67/0.67,0.25,
F4N,rudder_doublet,noop,0,0.737,,,,,,,,,0.0
F4N,bank_hold,inertia_x1.6,1,0.727,0.51,0.0,0.05/1.00,0.20/1.00,,-,,,
F4N,bank_hold,cmq_x0.5,4,0.727,0.73,0.0,0.23/0.75,0.60/1.00,0.62,-,,,
F4N,bank_hold,cmalpha_x0.7,2,0.727,0.63,0.0,0.08/0.50,0.40/1.00,0.55,-,,,
F4N,bank_hold,clo_+0.1,6,0.727,5.76,3.0,0.23/0.50,0.60/1.00,0.61,0.00/0.00,0.67/0.67,0.25,
F4N,bank_hold,noop,3,0.727,,,,,,,,,0.14
F4N,flap_extend,inertia_x1.6,0,0.669,0.33,0.0,0.00/0.00,0.00/0.00,,-,,,
F4N,flap_extend,cmq_x0.5,0,0.669,0.58,0.0,0.00/0.00,0.00/0.00,0.26,-,,,
F4N,flap_extend,cmalpha_x0.7,0,0.669,0.71,0.0,0.00/0.00,0.00/0.00,0.14,-,,,
F4N,flap_extend,clo_+0.1,1,0.669,3.72,2.0,0.08/1.00,0.20/1.00,0.26,0.00/0.00,0.00/0.00,0.4,
F4N,flap_extend,noop,0,0.669,,,,,,,,,0.0
F4N,engine_cut,inertia_x1.6,3,0.742,0.35,0.0,0.14/1.00,0.60/1.00,,-,,,
F4N,engine_cut,cmq_x0.5,4,0.742,0.89,0.0,0.23/0.75,0.80/1.00,0.72,-,,,
F4N,engine_cut,cmalpha_x0.7,1,0.742,1.67,4.0,0.00/0.00,0.20/1.00,0.62,0.00/0.00,0.33/1.00,0.25,
F4N,engine_cut,clo_+0.1,3,0.742,6.63,4.0,0.23/1.00,0.20/1.00,0.57,0.00/0.00,0.33/1.00,0.26,
F4N,engine_cut,noop,2,0.742,,,,,,,,,0.09
F4N,climbing_turn,inertia_x1.6,2,0.608,0.28,0.0,0.09/1.00,0.40/1.00,,-,,,
F4N,climbing_turn,cmq_x0.5,8,0.608,3.48,1.0,0.46/0.75,0.80/1.00,0.7,1.00/0.12,1.00/0.25,0.86,
F4N,climbing_turn,cmalpha_x0.7,4,0.608,1.04,0.0,0.00/0.00,0.60/1.00,0.26,-,,,
F4N,climbing_turn,clo_+0.1,10,0.608,5.85,2.0,0.46/0.60,1.00/1.00,0.62,0.50/0.10,1.00/0.40,0.85,
F4N,climbing_turn,noop,2,0.608,,,,,,,,,0.09
F4N,elev_doublet_distractor,inertia_x1.6,1,0.722,0.63,0.0,0.05/1.00,0.20/1.00,,-,,,
F4N,elev_doublet_distractor,cmq_x0.5,1,0.722,0.34,0.0,0.08/1.00,0.20/1.00,0.61,-,,,
F4N,elev_doublet_distractor,cmalpha_x0.7,5,0.722,0.59,0.0,0.23/0.60,0.60/1.00,0.8,-,,,
F4N,elev_doublet_distractor,clo_+0.1,5,0.722,6.32,4.0,0.31/0.80,0.60/1.00,0.74,0.25/0.20,0.75/1.00,0.33,
F4N,elev_doublet_distractor,noop,0,0.722,,,,,,,,,0.0
F4N,engine_restart,inertia_x1.6,1,0.675,0.75,0.0,0.05/1.00,0.20/1.00,,-,,,
F4N,engine_restart,cmq_x0.5,2,0.675,0.87,0.0,0.15/1.00,0.20/1.00,0.64,-,,,
F4N,engine_restart,cmalpha_x0.7,1,0.675,1.76,5.0,0.08/1.00,0.20/1.00,0.6,0.00/0.00,0.00/0.00,0.14,
F4N,engine_restart,clo_+0.1,4,0.675,5.79,6.0,0.31/1.00,0.40/1.00,0.5,0.00/0.00,0.25/0.50,0.08,
F4N,engine_restart,noop,0,0.675,,,,,,,,,0.0
F80C,cruise,inertia_x1.6,1,0.777,0.46,0.0,0.05/1.00,0.20/1.00,,-,,,
F80C,cruise,cmq_x0.5,0,0.777,0.33,0.0,0.00/0.00,0.00/0.00,0.51,-,,,
F80C,cruise,cmalpha_x0.7,6,0.777,0.65,0.0,0.31/0.67,0.60/1.00,0.71,-,,,
F80C,cruise,clo_+0.1,3,0.777,4.21,3.0,0.23/1.00,0.20/1.00,0.47,0.00/0.00,0.33/1.00,0.0,
F80C,cruise,noop,0,0.777,,,,,,,,,0.0
F80C,throttle_step,inertia_x1.6,0,0.719,0.6,0.0,0.00/0.00,0.00/0.00,,-,,,
F80C,throttle_step,cmq_x0.5,0,0.719,0.34,0.0,0.00/0.00,0.00/0.00,0.51,-,,,
F80C,throttle_step,cmalpha_x0.7,1,0.719,0.75,0.0,0.08/1.00,0.20/1.00,0.62,-,,,
F80C,throttle_step,clo_+0.1,4,0.719,4.47,4.0,0.31/1.00,0.60/1.00,0.82,0.75/0.75,0.67/0.67,0.72,
F80C,throttle_step,noop,0,0.719,,,,,,,,,0.0
F80C,elev_doublet,inertia_x1.6,1,0.764,0.51,0.0,0.05/1.00,0.20/1.00,,-,,,
F80C,elev_doublet,cmq_x0.5,0,0.764,0.3,0.0,0.00/0.00,0.00/0.00,0.59,-,,,
F80C,elev_doublet,cmalpha_x0.7,11,0.764,0.67,0.0,0.62/0.73,0.80/1.00,0.71,-,,,
F80C,elev_doublet,clo_+0.1,8,0.764,4.52,3.0,0.38/0.62,0.60/1.00,0.58,0.00/0.00,0.67/0.67,0.0,
F80C,elev_doublet,noop,0,0.764,,,,,,,,,0.0
F80C,elev_step,inertia_x1.6,0,0.755,0.52,0.0,0.00/0.00,0.00/0.00,,-,,,
F80C,elev_step,cmq_x0.5,0,0.755,0.39,0.0,0.00/0.00,0.00/0.00,0.62,-,,,
F80C,elev_step,cmalpha_x0.7,4,0.755,1.07,2.0,0.31/1.00,0.20/1.00,0.57,0.50/0.25,0.50/1.00,0.42,
F80C,elev_step,clo_+0.1,6,0.755,4.28,3.0,0.38/0.83,0.40/1.00,0.68,0.33/0.17,0.33/0.50,0.21,
F80C,elev_step,noop,0,0.755,,,,,,,,,0.0
F80C,aileron_step,inertia_x1.6,2,0.74,0.31,0.0,0.09/1.00,0.40/1.00,,-,,,
F80C,aileron_step,cmq_x0.5,0,0.74,0.31,0.0,0.00/0.00,0.00/0.00,0.65,-,,,
F80C,aileron_step,cmalpha_x0.7,6,0.74,0.61,0.0,0.23/0.50,0.40/1.00,0.68,-,,,
F80C,aileron_step,clo_+0.1,7,0.74,4.44,3.0,0.31/0.57,0.60/1.00,0.67,0.33/0.14,1.00/1.00,0.28,
F80C,aileron_step,noop,1,0.74,,,,,,,,,0.05
F80C,rudder_doublet,inertia_x1.6,0,0.753,0.51,0.0,0.00/0.00,0.00/0.00,,-,,,
F80C,rudder_doublet,cmq_x0.5,0,0.753,0.32,0.0,0.00/0.00,0.00/0.00,0.49,-,,,
F80C,rudder_doublet,cmalpha_x0.7,11,0.753,0.52,0.0,0.62/0.73,0.60/1.00,0.85,-,,,
F80C,rudder_doublet,clo_+0.1,9,0.753,4.13,3.0,0.38/0.56,0.40/1.00,0.54,0.00/0.00,0.33/0.50,0.0,
F80C,rudder_doublet,noop,0,0.753,,,,,,,,,0.0
F80C,bank_hold,inertia_x1.6,1,0.765,0.48,0.0,0.05/1.00,0.20/1.00,,-,,,
F80C,bank_hold,cmq_x0.5,1,0.765,0.3,0.0,0.00/0.00,0.20/1.00,0.46,-,,,
F80C,bank_hold,cmalpha_x0.7,5,0.765,0.95,0.0,0.31/0.80,0.60/1.00,0.64,-,,,
F80C,bank_hold,clo_+0.1,4,0.765,4.15,3.0,0.23/0.75,0.60/1.00,0.56,0.33/0.25,1.00/1.00,0.32,
F80C,bank_hold,noop,1,0.765,,,,,,,,,0.05
F80C,flap_extend,inertia_x1.6,0,0.69,0.48,0.0,0.00/0.00,0.00/0.00,,-,,,
F80C,flap_extend,cmq_x0.5,0,0.69,1.27,2.0,0.00/0.00,0.00/0.00,0.15,0.00/0.00,0.00/0.00,0.0,
F80C,flap_extend,clo_+0.1,9,0.69,2.89,7.0,0.54/0.78,0.80/1.00,0.77,0.86/0.67,1.00/1.00,0.81,
F80C,flap_extend,noop,0,0.69,,,,,,,,,0.0
F80C,climbing_turn,inertia_x1.6,2,0.705,0.5,0.0,0.09/1.00,0.20/1.00,,-,,,
F80C,climbing_turn,cmq_x0.5,2,0.705,0.47,0.0,0.08/0.50,0.20/1.00,0.4,-,,,
F80C,climbing_turn,cmalpha_x0.7,12,0.705,1.73,5.0,0.69/0.75,0.80/1.00,0.74,0.80/0.33,1.00/0.75,0.84,
F80C,climbing_turn,clo_+0.1,12,0.705,4.58,5.0,0.69/0.75,0.80/1.00,0.56,0.60/0.25,0.67/0.50,0.4,
F80C,climbing_turn,noop,2,0.705,,,,,,,,,0.09
F80C,elev_doublet_distractor,inertia_x1.6,1,0.763,0.44,0.0,0.05/1.00,0.20/1.00,,-,,,
F80C,elev_doublet_distractor,cmq_x0.5,1,0.763,0.29,0.0,0.08/1.00,0.20/1.00,0.69,-,,,
F80C,elev_doublet_distractor,cmalpha_x0.7,8,0.763,0.62,0.0,0.46/0.75,0.60/1.00,0.62,-,,,
F80C,elev_doublet_distractor,clo_+0.1,5,0.763,4.47,3.0,0.23/0.60,0.60/1.00,0.53,0.33/0.20,0.67/0.67,0.3,
F80C,elev_doublet_distractor,noop,1,0.763,,,,,,,,,0.05
J3Cub,cruise,cmq_x0.5,0,0.784,0.43,0.0,0.00/0.00,0.00/0.00,0.56,-,,,
J3Cub,cruise,cmalpha_x0.7,2,0.784,0.7,0.0,0.00/0.00,0.40/1.00,0.5,-,,,
J3Cub,cruise,clo_+0.1,4,0.784,1.2,1.0,0.31/1.00,0.20/1.00,0.51,0.00/0.00,0.00/0.00,0.0,
J3Cub,cruise,noop,1,0.784,,,,,,,,,0.05
J3Cub,throttle_step,cmq_x0.5,0,0.759,0.66,0.0,0.00/0.00,0.00/0.00,0.27,-,,,
J3Cub,throttle_step,cmalpha_x0.7,1,0.759,0.97,0.0,0.08/1.00,0.20/1.00,0.56,-,,,
J3Cub,throttle_step,clo_+0.1,4,0.759,1.06,1.0,0.31/1.00,0.40/1.00,0.65,0.00/0.00,0.00/0.00,0.0,
J3Cub,throttle_step,noop,0,0.759,,,,,,,,,0.0
J3Cub,elev_doublet,cmq_x0.5,0,0.766,0.45,0.0,0.00/0.00,0.00/0.00,0.38,-,,,
J3Cub,elev_doublet,cmalpha_x0.7,3,0.766,0.71,0.0,0.23/1.00,0.40/1.00,0.5,-,,,
J3Cub,elev_doublet,clo_+0.1,4,0.766,1.12,1.0,0.31/1.00,0.40/1.00,0.74,0.00/0.00,0.00/0.00,0.0,
J3Cub,elev_doublet,noop,1,0.766,,,,,,,,,0.05
J3Cub,elev_step,cmq_x0.5,2,0.776,0.56,0.0,0.08/0.50,0.40/1.00,0.47,-,,,
J3Cub,elev_step,cmalpha_x0.7,3,0.776,0.95,0.0,0.15/0.67,0.40/1.00,0.44,-,,,
J3Cub,elev_step,clo_+0.1,4,0.776,1.12,1.0,0.23/0.75,0.40/1.00,0.6,0.00/0.00,0.00/0.00,0.0,
J3Cub,elev_step,noop,3,0.776,,,,,,,,,0.14
J3Cub,aileron_step,cmq_x0.5,1,0.758,0.67,0.0,0.08/1.00,0.20/1.00,0.77,-,,,
J3Cub,aileron_step,cmalpha_x0.7,0,0.758,1.04,0.0,0.00/0.00,0.00/0.00,0.2,-,,,
J3Cub,aileron_step,clo_+0.1,6,0.758,1.25,1.0,0.15/0.33,0.80/1.00,0.48,1.00/0.17,1.00/0.25,1.0,
J3Cub,aileron_step,noop,0,0.758,,,,,,,,,0.0
J3Cub,rudder_doublet,cmq_x0.5,0,0.741,0.41,0.0,0.00/0.00,0.00/0.00,0.3,-,,,
J3Cub,rudder_doublet,cmalpha_x0.7,4,0.741,0.82,0.0,0.00/0.00,0.40/1.00,0.38,-,,,
J3Cub,rudder_doublet,clo_+0.1,7,0.741,1.15,1.0,0.38/0.71,0.60/1.00,0.56,1.00/0.14,1.00/0.33,0.76,
J3Cub,rudder_doublet,noop,0,0.741,,,,,,,,,0.0
J3Cub,bank_hold,cmq_x0.5,0,0.774,0.69,0.0,0.00/0.00,0.00/0.00,0.68,-,,,
J3Cub,bank_hold,cmalpha_x0.7,0,0.774,0.98,0.0,0.00/0.00,0.00/0.00,0.5,-,,,
J3Cub,bank_hold,clo_+0.1,2,0.774,1.15,1.0,0.08/0.50,0.40/1.00,0.49,1.00/0.50,1.00/0.50,1.0,
J3Cub,bank_hold,noop,0,0.774,,,,,,,,,0.0
J3Cub,flap_extend,cmq_x0.5,0,0.77,0.47,0.0,0.00/0.00,0.00/0.00,0.45,-,,,
J3Cub,flap_extend,cmalpha_x0.7,3,0.77,0.76,0.0,0.23/1.00,0.60/1.00,0.56,-,,,
J3Cub,flap_extend,clo_+0.1,3,0.77,1.11,1.0,0.15/0.67,0.40/1.00,0.44,0.00/0.00,0.00/0.00,0.0,
J3Cub,flap_extend,noop,0,0.77,,,,,,,,,0.0
J3Cub,climbing_turn,cmq_x0.5,6,0.728,1.19,0.0,0.38/0.83,0.40/1.00,0.68,-,,,
J3Cub,climbing_turn,cmalpha_x0.7,2,0.728,0.97,0.0,0.15/1.00,0.20/1.00,0.8,-,,,
J3Cub,climbing_turn,clo_+0.1,5,0.728,1.48,1.0,0.23/0.60,0.20/1.00,0.57,0.00/0.00,0.00/0.00,0.1,
J3Cub,climbing_turn,noop,1,0.728,,,,,,,,,0.05
J3Cub,elev_doublet_distractor,cmq_x0.5,3,0.767,0.37,0.0,0.00/0.00,0.40/1.00,0.41,-,,,
J3Cub,elev_doublet_distractor,cmalpha_x0.7,3,0.767,0.55,0.0,0.08/0.33,0.60/1.00,0.59,-,,,
J3Cub,elev_doublet_distractor,clo_+0.1,6,0.767,1.12,1.0,0.08/0.17,0.80/1.00,0.29,0.00/0.00,1.00/0.25,0.0,
J3Cub,elev_doublet_distractor,noop,1,0.767,,,,,,,,,0.05
J3Cub,engine_stop,cmq_x0.5,2,0.781,0.55,0.0,0.00/0.00,0.40/1.00,0.21,-,,,
J3Cub,engine_stop,cmalpha_x0.7,0,0.781,0.79,0.0,0.00/0.00,0.00/0.00,0.27,-,,,
J3Cub,engine_stop,clo_+0.1,3,0.781,1.15,1.0,0.23/1.00,0.20/1.00,0.44,0.00/0.00,0.00/0.00,0.0,
J3Cub,engine_stop,noop,2,0.781,,,,,,,,,0.09
MD11,cruise,inertia_x1.6,1,0.71,0.36,0.0,0.05/1.00,0.20/1.00,,-,,,
MD11,cruise,cmq_x0.5,4,0.71,0.22,0.0,0.08/0.25,0.60/1.00,0.21,-,,,
MD11,cruise,cmalpha_x0.7,5,0.71,0.58,0.0,0.38/1.00,0.60/1.00,0.68,-,,,
MD11,cruise,clo_+0.1,7,0.71,4.56,3.0,0.38/0.71,0.80/1.00,0.56,0.33/0.14,1.00/0.75,0.26,
MD11,cruise,noop,4,0.71,,,,,,,,,0.18
MD11,throttle_step,inertia_x1.6,0,0.7,0.41,0.0,0.00/0.00,0.00/0.00,,-,,,
MD11,throttle_step,cmq_x0.5,2,0.7,0.55,0.0,0.15/1.00,0.20/1.00,0.53,-,,,
MD11,throttle_step,cmalpha_x0.7,0,0.7,0.67,0.0,0.00/0.00,0.00/0.00,0.39,-,,,
MD11,throttle_step,clo_+0.1,1,0.7,4.87,3.0,0.08/1.00,0.20/1.00,0.45,0.33/1.00,0.33/1.00,0.3,
MD11,throttle_step,noop,2,0.7,,,,,,,,,0.09
MD11,elev_doublet,inertia_x1.6,0,0.737,0.54,0.0,0.00/0.00,0.00/0.00,,-,,,
MD11,elev_doublet,cmq_x0.5,0,0.737,0.19,0.0,0.00/0.00,0.00/0.00,0.49,-,,,
MD11,elev_doublet,cmalpha_x0.7,1,0.737,0.43,0.0,0.08/1.00,0.20/1.00,0.58,-,,,
MD11,elev_doublet,clo_+0.1,2,0.737,4.31,3.0,0.15/1.00,0.40/1.00,0.71,0.67/1.00,0.67/1.00,0.65,
MD11,elev_doublet,noop,0,0.737,,,,,,,,,0.0
MD11,elev_step,inertia_x1.6,2,0.738,0.88,0.0,0.09/1.00,0.20/1.00,,-,,,
MD11,elev_step,cmq_x0.5,3,0.738,0.89,0.0,0.23/1.00,0.40/1.00,0.5,-,,,
MD11,elev_step,cmalpha_x0.7,0,0.738,1.68,8.0,0.00/0.00,0.00/0.00,0.83,0.00/0.00,0.00/0.00,0.79,
MD11,elev_step,clo_+0.1,3,0.738,4.62,3.0,0.23/1.00,0.40/1.00,0.63,0.00/0.00,0.33/0.50,0.11,
MD11,elev_step,noop,4,0.738,,,,,,,,,0.18
MD11,aileron_step,inertia_x1.6,0,0.689,0.45,0.0,0.00/0.00,0.00/0.00,,-,,,
MD11,aileron_step,cmq_x0.5,0,0.689,0.22,0.0,0.00/0.00,0.00/0.00,0.5,-,,,
MD11,aileron_step,cmalpha_x0.7,5,0.689,0.68,0.0,0.08/0.20,0.60/1.00,0.5,-,,,
MD11,aileron_step,clo_+0.1,4,0.689,4.65,3.0,0.08/0.25,0.40/1.00,0.37,0.33/0.25,0.67/1.00,0.33,
MD11,aileron_step,noop,0,0.689,,,,,,,,,0.0
MD11,rudder_doublet,inertia_x1.6,0,0.698,0.38,0.0,0.00/0.00,0.00/0.00,,-,,,
MD11,rudder_doublet,cmq_x0.5,1,0.698,0.24,0.0,0.00/0.00,0.20/1.00,0.51,-,,,
MD11,rudder_doublet,cmalpha_x0.7,7,0.698,0.42,0.0,0.23/0.43,0.60/1.00,0.65,-,,,
MD11,rudder_doublet,clo_+0.1,8,0.698,5.16,3.0,0.31/0.50,0.60/1.00,0.57,0.33/0.12,0.67/0.67,0.54,
MD11,rudder_doublet,noop,1,0.698,,,,,,,,,0.05
MD11,bank_hold,inertia_x1.6,0,0.698,0.36,0.0,0.00/0.00,0.00/0.00,,-,,,
MD11,bank_hold,cmq_x0.5,0,0.698,0.3,0.0,0.00/0.00,0.00/0.00,0.83,-,,,
MD11,bank_hold,cmalpha_x0.7,2,0.698,0.72,0.0,0.00/0.00,0.40/1.00,0.59,-,,,
MD11,bank_hold,clo_+0.1,6,0.698,5.5,3.0,0.31/0.67,0.60/1.00,0.57,0.33/0.17,0.67/0.67,0.3,
MD11,bank_hold,noop,0,0.698,,,,,,,,,0.0
MD11,flap_extend,inertia_x1.6,3,0.625,1.15,4.0,0.14/1.00,0.60/1.00,,0.50/0.67,1.00/1.00,0.62,
MD11,flap_extend,cmq_x0.5,8,0.625,2.51,9.0,0.38/0.62,0.80/1.00,0.26,0.44/0.50,1.00/0.75,0.38,
MD11,flap_extend,cmalpha_x0.7,6,0.625,0.81,0.0,0.31/0.67,0.60/1.00,0.23,-,,,
MD11,flap_extend,clo_+0.1,5,0.625,1.23,0.0,0.15/0.40,0.60/1.00,0.18,-,,,
MD11,flap_extend,noop,2,0.625,,,,,,,,,0.09
MD11,engine_cut,inertia_x1.6,2,0.702,0.28,0.0,0.09/1.00,0.20/1.00,,-,,,
MD11,engine_cut,cmq_x0.5,0,0.702,0.24,0.0,0.00/0.00,0.00/0.00,0.76,-,,,
MD11,engine_cut,cmalpha_x0.7,8,0.702,0.56,0.0,0.54/0.88,0.60/1.00,0.77,-,,,
MD11,engine_cut,clo_+0.1,5,0.702,4.65,3.0,0.38/1.00,0.40/1.00,0.55,0.33/0.20,0.67/1.00,0.28,
MD11,engine_cut,noop,0,0.702,,,,,,,,,0.0
MD11,climbing_turn,inertia_x1.6,0,0.625,0.7,0.0,0.00/0.00,0.00/0.00,,-,,,
MD11,climbing_turn,cmq_x0.5,0,0.625,1.02,2.0,0.00/0.00,0.00/0.00,0.21,0.00/0.00,0.00/0.00,0.4,
MD11,climbing_turn,cmalpha_x0.7,13,0.625,2.41,9.0,0.85/0.85,1.00/1.00,0.78,0.89/0.62,1.00/0.80,0.79,
MD11,climbing_turn,clo_+0.1,10,0.625,4.27,3.0,0.62/0.80,1.00/1.00,0.68,0.33/0.10,1.00/0.60,0.25,
MD11,climbing_turn,noop,0,0.625,,,,,,,,,0.0
MD11,elev_doublet_distractor,inertia_x1.6,0,0.72,0.46,0.0,0.00/0.00,0.00/0.00,,-,,,
MD11,elev_doublet_distractor,cmq_x0.5,0,0.72,0.17,0.0,0.00/0.00,0.00/0.00,0.57,-,,,
MD11,elev_doublet_distractor,cmalpha_x0.7,6,0.72,0.3,0.0,0.31/0.67,0.60/1.00,0.56,-,,,
MD11,elev_doublet_distractor,clo_+0.1,5,0.72,4.26,3.0,0.23/0.60,0.60/1.00,0.58,0.00/0.00,0.67/0.67,0.0,
MD11,elev_doublet_distractor,noop,1,0.72,,,,,,,,,0.05
MD11,engine_restart,inertia_x1.6,1,0.675,0.37,0.0,0.05/1.00,0.20/1.00,,-,,,
MD11,engine_restart,cmq_x0.5,0,0.675,0.47,0.0,0.00/0.00,0.00/0.00,0.26,-,,,
MD11,engine_restart,cmalpha_x0.7,5,0.675,0.64,0.0,0.31/0.80,0.60/1.00,0.79,-,,,
MD11,engine_restart,clo_+0.1,5,0.675,4.4,3.0,0.38/1.00,0.60/1.00,0.72,0.33/0.20,0.67/0.67,0.26,
MD11,engine_restart,noop,0,0.675,,,,,,,,,0.0
OV10,cruise,inertia_x1.6,2,0.782,0.37,0.0,0.09/1.00,0.20/1.00,,-,,,
OV10,cruise,cmq_x0.5,2,0.782,0.33,0.0,0.08/0.50,0.40/1.00,0.35,-,,,
OV10,cruise,cmalpha_x0.7,4,0.782,0.43,0.0,0.31/1.00,0.20/1.00,0.86,-,,,
OV10,cruise,clo_+0.1,2,0.782,1.58,3.0,0.08/0.50,0.40/1.00,0.37,0.00/0.00,0.33/0.50,0.0,
OV10,cruise,noop,2,0.782,,,,,,,,,0.09
OV10,throttle_step,inertia_x1.6,2,0.739,0.31,0.0,0.09/1.00,0.40/1.00,,-,,,
OV10,throttle_step,cmq_x0.5,0,0.739,0.35,0.0,0.00/0.00,0.00/0.00,0.54,-,,,
OV10,throttle_step,cmalpha_x0.7,4,0.739,0.44,0.0,0.23/0.75,0.40/1.00,0.79,-,,,
OV10,throttle_step,clo_+0.1,2,0.739,1.52,3.0,0.08/0.50,0.20/1.00,0.47,0.00/0.00,0.33/1.00,0.07,
OV10,throttle_step,noop,0,0.739,,,,,,,,,0.0
OV10,elev_doublet,inertia_x1.6,2,0.769,0.54,0.0,0.09/1.00,0.40/1.00,,-,,,
OV10,elev_doublet,cmq_x0.5,3,0.769,0.48,0.0,0.23/1.00,0.40/1.00,0.55,-,,,
OV10,elev_doublet,cmalpha_x0.7,2,0.769,0.73,0.0,0.15/1.00,0.40/1.00,0.69,-,,,
OV10,elev_doublet,clo_+0.1,1,0.769,1.46,3.0,0.08/1.00,0.20/1.00,0.56,0.00/0.00,0.00/0.00,0.25,
OV10,elev_doublet,noop,1,0.769,,,,,,,,,0.05
OV10,elev_step,inertia_x1.6,0,0.761,0.42,0.0,0.00/0.00,0.00/0.00,,-,,,
OV10,elev_step,cmq_x0.5,0,0.761,1.54,4.0,0.00/0.00,0.00/0.00,0.73,0.00/0.00,0.00/0.00,0.86,
OV10,elev_step,cmalpha_x0.7,2,0.761,1.12,4.0,0.08/0.50,0.40/1.00,0.21,0.00/0.00,0.50/0.50,0.04,
OV10,elev_step,clo_+0.1,0,0.761,1.54,4.0,0.00/0.00,0.00/0.00,0.35,0.00/0.00,0.00/0.00,0.5,
OV10,elev_step,noop,0,0.761,,,,,,,,,0.0
OV10,aileron_step,inertia_x1.6,7,0.771,0.43,0.0,0.32/1.00,0.80/1.00,,-,,,
OV10,aileron_step,cmq_x0.5,8,0.771,3.08,8.0,0.46/0.75,1.00/1.00,0.9,0.50/0.50,1.00/0.80,0.9,
OV10,aileron_step,cmalpha_x0.7,6,0.771,1.61,2.0,0.38/0.83,0.60/1.00,0.69,0.00/0.00,0.50/0.33,0.5,
OV10,aileron_step,clo_+0.1,12,0.771,1.94,10.0,0.77/0.83,0.80/1.00,0.74,0.80/0.67,0.80/1.00,0.78,
OV10,aileron_step,noop,4,0.771,,,,,,,,,0.18
OV10,rudder_doublet,inertia_x1.6,1,0.771,0.41,0.0,0.05/1.00,0.20/1.00,,-,,,
OV10,rudder_doublet,cmq_x0.5,0,0.771,0.35,0.0,0.00/0.00,0.00/0.00,0.5,-,,,
OV10,rudder_doublet,cmalpha_x0.7,5,0.771,0.75,0.0,0.31/0.80,0.60/1.00,0.85,-,,,
OV10,rudder_doublet,clo_+0.1,2,0.771,1.65,3.0,0.00/0.00,0.40/1.00,0.45,0.00/0.00,0.33/0.50,0.23,
OV10,rudder_doublet,noop,1,0.771,,,,,,,,,0.05
OV10,bank_hold,inertia_x1.6,4,0.741,0.28,0.0,0.18/1.00,0.40/1.00,,-,,,
OV10,bank_hold,cmq_x0.5,4,0.741,2.09,8.0,0.23/0.75,0.60/1.00,0.62,0.12/0.25,0.50/0.67,0.7,
OV10,bank_hold,cmalpha_x0.7,12,0.741,1.14,4.0,0.69/0.75,1.00/1.00,0.76,1.00/0.33,1.00/0.40,0.89,
OV10,bank_hold,clo_+0.1,13,0.741,1.87,2.0,0.77/0.77,1.00/1.00,0.79,0.50/0.08,1.00/0.40,0.45,
OV10,bank_hold,noop,1,0.741,,,,,,,,,0.05
OV10,flap_extend,inertia_x1.6,1,0.74,0.59,0.0,0.05/1.00,0.20/1.00,,-,,,
OV10,flap_extend,cmq_x0.5,4,0.74,2.36,8.0,0.31/1.00,0.60/1.00,0.76,0.50/1.00,0.75/1.00,0.79,
OV10,flap_extend,cmalpha_x0.7,3,0.74,0.83,0.0,0.23/1.00,0.40/1.00,0.71,-,,,
OV10,flap_extend,clo_+0.1,4,0.74,1.38,1.0,0.23/0.75,0.60/1.00,0.47,0.00/0.00,0.00/0.00,0.0,
OV10,flap_extend,noop,0,0.74,,,,,,,,,0.0
OV10,engine_cut,inertia_x1.6,1,0.786,0.36,0.0,0.05/1.00,0.20/1.00,,-,,,
OV10,engine_cut,cmq_x0.5,4,0.786,2.41,4.0,0.23/0.75,0.60/1.00,0.49,0.50/0.50,0.67/0.67,0.47,
OV10,engine_cut,cmalpha_x0.7,1,0.786,0.95,0.0,0.08/1.00,0.20/1.00,0.62,-,,,
OV10,engine_cut,clo_+0.1,2,0.786,1.69,6.0,0.00/0.00,0.40/1.00,0.27,0.00/0.00,0.25/0.50,0.36,
OV10,engine_cut,noop,0,0.786,,,,,,,,,0.0
OV10,elev_doublet_distractor,inertia_x1.6,0,0.781,0.55,0.0,0.00/0.00,0.00/0.00,,-,,,
OV10,elev_doublet_distractor,cmq_x0.5,0,0.781,0.4,0.0,0.00/0.00,0.00/0.00,0.48,-,,,
OV10,elev_doublet_distractor,cmalpha_x0.7,1,0.781,0.52,0.0,0.00/0.00,0.20/1.00,0.81,-,,,
OV10,elev_doublet_distractor,clo_+0.1,0,0.781,1.56,2.0,0.00/0.00,0.00/0.00,0.54,0.00/0.00,0.00/0.00,0.0,
OV10,elev_doublet_distractor,noop,0,0.781,,,,,,,,,0.0
Short_S23,cruise,inertia_x1.6,3,0.754,0.3,0.0,0.14/1.00,0.40/1.00,,-,,,
Short_S23,cruise,noop,2,0.754,,,,,,,,,0.09
Short_S23,throttle_step,inertia_x1.6,1,0.74,0.37,0.0,0.05/1.00,0.20/1.00,,-,,,
Short_S23,throttle_step,noop,0,0.74,,,,,,,,,0.0
Short_S23,elev_doublet,inertia_x1.6,1,0.773,0.33,0.0,0.05/1.00,0.20/1.00,,-,,,
Short_S23,elev_doublet,noop,0,0.773,,,,,,,,,0.0
Short_S23,elev_step,inertia_x1.6,0,0.78,0.8,0.0,0.00/0.00,0.00/0.00,,-,,,
Short_S23,elev_step,noop,0,0.78,,,,,,,,,0.0
Short_S23,aileron_step,inertia_x1.6,0,0.764,0.43,0.0,0.00/0.00,0.00/0.00,,-,,,
Short_S23,aileron_step,noop,0,0.764,,,,,,,,,0.0
Short_S23,rudder_doublet,inertia_x1.6,0,0.797,0.39,0.0,0.00/0.00,0.00/0.00,,-,,,
Short_S23,rudder_doublet,noop,0,0.797,,,,,,,,,0.0
Short_S23,bank_hold,inertia_x1.6,0,0.771,0.28,0.0,0.00/0.00,0.00/0.00,,-,,,
Short_S23,bank_hold,noop,0,0.771,,,,,,,,,0.0
Short_S23,flap_extend,inertia_x1.6,0,0.776,0.22,0.0,0.00/0.00,0.00/0.00,,-,,,
Short_S23,flap_extend,noop,0,0.776,,,,,,,,,0.0
Short_S23,engine_cut,inertia_x1.6,0,0.758,0.36,0.0,0.00/0.00,0.00/0.00,,-,,,
Short_S23,engine_cut,noop,1,0.758,,,,,,,,,0.05
Short_S23,climbing_turn,inertia_x1.6,1,0.716,0.3,0.0,0.05/1.00,0.20/1.00,,-,,,
Short_S23,climbing_turn,noop,1,0.716,,,,,,,,,0.05
Short_S23,elev_doublet_distractor,inertia_x1.6,4,0.756,0.42,0.0,0.18/1.00,0.60/1.00,,-,,,
Short_S23,elev_doublet_distractor,noop,3,0.756,,,,,,,,,0.14
Short_S23,engine_stop,inertia_x1.6,1,0.768,0.34,0.0,0.05/1.00,0.20/1.00,,-,,,
Short_S23,engine_stop,noop,1,0.768,,,,,,,,,0.05
T37,cruise,inertia_x1.6,3,0.796,0.65,0.0,0.14/1.00,0.40/1.00,,-,,,
T37,cruise,cmq_x0.5,0,0.796,0.34,0.0,0.00/0.00,0.00/0.00,0.24,-,,,
T37,cruise,cmalpha_x0.7,1,0.796,0.99,0.0,0.08/1.00,0.20/1.00,0.71,-,,,
T37,cruise,clo_+0.1,6,0.796,2.98,3.0,0.38/0.83,0.60/1.00,0.69,0.33/0.17,0.67/0.67,0.32,
T37,cruise,noop,0,0.796,,,,,,,,,0.0
T37,throttle_step,inertia_x1.6,1,0.764,0.71,0.0,0.05/1.00,0.20/1.00,,-,,,
T37,throttle_step,cmq_x0.5,0,0.764,0.39,0.0,0.00/0.00,0.00/0.00,0.71,-,,,
T37,throttle_step,cmalpha_x0.7,4,0.764,0.58,0.0,0.15/0.50,0.60/1.00,0.39,-,,,
T37,throttle_step,clo_+0.1,9,0.764,3.05,2.0,0.46/0.67,0.60/1.00,0.47,0.00/0.00,0.50/0.33,0.0,
T37,throttle_step,noop,1,0.764,,,,,,,,,0.05
T37,elev_doublet,inertia_x1.6,6,0.753,0.89,0.0,0.27/1.00,0.60/1.00,,-,,,
T37,elev_doublet,cmq_x0.5,5,0.753,0.3,0.0,0.15/0.40,0.40/1.00,0.55,-,,,
T37,elev_doublet,cmalpha_x0.7,6,0.753,1.14,0.0,0.31/0.67,0.60/1.00,0.51,-,,,
T37,elev_doublet,clo_+0.1,6,0.753,3.65,3.0,0.38/0.83,0.40/1.00,0.75,0.67/0.33,0.67/1.00,0.56,
T37,elev_doublet,noop,7,0.753,,,,,,,,,0.32
T37,elev_step,inertia_x1.6,4,0.772,0.37,0.0,0.18/1.00,0.60/1.00,,-,,,
T37,elev_step,cmq_x0.5,0,0.772,0.82,0.0,0.00/0.00,0.00/0.00,0.45,-,,,
T37,elev_step,cmalpha_x0.7,5,0.772,1.08,1.0,0.31/0.80,0.60/1.00,0.37,1.00/0.20,1.00/0.33,0.71,
T37,elev_step,clo_+0.1,3,0.772,2.96,3.0,0.08/0.33,0.40/1.00,0.26,0.33/0.33,0.67/1.00,0.3,
T37,elev_step,noop,0,0.772,,,,,,,,,0.0
T37,aileron_step,inertia_x1.6,3,0.741,0.5,0.0,0.14/1.00,0.40/1.00,,-,,,
T37,aileron_step,cmq_x0.5,7,0.741,0.73,0.0,0.38/0.71,0.80/1.00,0.79,-,,,
T37,aileron_step,cmalpha_x0.7,10,0.741,0.89,0.0,0.54/0.70,0.80/1.00,0.68,-,,,
T37,aileron_step,clo_+0.1,13,0.741,3.22,3.0,0.62/0.62,1.00/1.00,0.74,0.67/0.15,1.00/0.40,0.75,
T37,aileron_step,noop,2,0.741,,,,,,,,,0.09
T37,rudder_doublet,inertia_x1.6,2,0.771,0.69,0.0,0.09/1.00,0.40/1.00,,-,,,
T37,rudder_doublet,cmq_x0.5,2,0.771,0.35,0.0,0.08/0.50,0.20/1.00,0.44,-,,,
T37,rudder_doublet,cmalpha_x0.7,1,0.771,0.98,0.0,0.00/0.00,0.20/1.00,0.55,-,,,
T37,rudder_doublet,clo_+0.1,6,0.771,3.04,3.0,0.38/0.83,0.40/1.00,0.56,0.67/0.33,0.67/1.00,0.61,
T37,rudder_doublet,noop,1,0.771,,,,,,,,,0.05
T37,bank_hold,inertia_x1.6,1,0.758,0.52,0.0,0.05/1.00,0.20/1.00,,-,,,
T37,bank_hold,cmq_x0.5,1,0.758,0.88,0.0,0.08/1.00,0.20/1.00,0.51,-,,,
T37,bank_hold,cmalpha_x0.7,3,0.758,0.46,0.0,0.00/0.00,0.60/1.00,0.36,-,,,
T37,bank_hold,clo_+0.1,7,0.758,3.18,2.0,0.15/0.29,0.80/1.00,0.58,1.00/0.29,1.00/0.50,1.0,
T37,bank_hold,noop,0,0.758,,,,,,,,,0.0
T37,flap_extend,inertia_x1.6,0,0.725,0.78,0.0,0.00/0.00,0.00/0.00,,-,,,
T37,flap_extend,cmq_x0.5,2,0.725,2.26,6.0,0.15/1.00,0.40/1.00,0.36,0.00/0.00,0.33/0.50,0.13,
T37,flap_extend,cmalpha_x0.7,1,0.725,0.98,0.0,0.08/1.00,0.20/1.00,0.65,-,,,
T37,flap_extend,clo_+0.1,1,0.725,1.73,4.0,0.08/1.00,0.20/1.00,0.48,0.25/1.00,0.33/1.00,0.42,
T37,flap_extend,noop,0,0.725,,,,,,,,,0.0
T37,engine_cut,inertia_x1.6,1,0.796,0.73,0.0,0.05/1.00,0.20/1.00,,-,,,
T37,engine_cut,cmq_x0.5,1,0.796,1.07,0.0,0.08/1.00,0.20/1.00,0.59,-,,,
T37,engine_cut,cmalpha_x0.7,1,0.796,0.72,0.0,0.00/0.00,0.20/1.00,0.53,-,,,
T37,engine_cut,clo_+0.1,6,0.796,3.01,10.0,0.31/0.67,0.60/1.00,0.53,0.40/0.67,0.60/1.00,0.6,
T37,engine_cut,noop,1,0.796,,,,,,,,,0.05
T37,elev_doublet_distractor,inertia_x1.6,3,0.768,0.92,0.0,0.14/1.00,0.40/1.00,,-,,,
T37,elev_doublet_distractor,cmq_x0.5,0,0.768,0.36,0.0,0.00/0.00,0.00/0.00,0.82,-,,,
T37,elev_doublet_distractor,cmalpha_x0.7,4,0.768,0.8,0.0,0.15/0.50,0.60/1.00,0.5,-,,,
T37,elev_doublet_distractor,clo_+0.1,6,0.768,3.02,3.0,0.23/0.50,0.60/1.00,0.38,0.00/0.00,0.67/0.67,0.0,
T37,elev_doublet_distractor,noop,0,0.768,,,,,,,,,0.0
T38,cruise,inertia_x1.6,1,0.722,0.84,0.0,0.05/1.00,0.20/1.00,,-,,,
T38,cruise,cmq_x0.5,1,0.722,0.36,0.0,0.08/1.00,0.20/1.00,0.54,-,,,
T38,cruise,cmalpha_x0.7,4,0.722,0.97,0.0,0.31/1.00,0.60/1.00,0.85,-,,,
T38,cruise,clo_+0.1,6,0.722,7.08,3.0,0.46/1.00,0.60/1.00,0.82,1.00/0.50,1.00/1.00,0.84,
T38,cruise,noop,1,0.722,,,,,,,,,0.05
T38,throttle_step,inertia_x1.6,2,0.747,0.43,0.0,0.09/1.00,0.40/1.00,,-,,,
T38,throttle_step,cmq_x0.5,1,0.747,0.36,0.0,0.08/1.00,0.20/1.00,0.6,-,,,
T38,throttle_step,cmalpha_x0.7,2,0.747,0.41,0.0,0.15/1.00,0.40/1.00,0.51,-,,,
T38,throttle_step,clo_+0.1,6,0.747,7.66,3.0,0.46/1.00,0.80/1.00,0.71,0.67/0.33,0.67/0.50,0.86,
T38,throttle_step,noop,1,0.747,,,,,,,,,0.05
T38,elev_doublet,inertia_x1.6,0,0.742,0.6,0.0,0.00/0.00,0.00/0.00,,-,,,
T38,elev_doublet,cmq_x0.5,2,0.742,0.33,0.0,0.00/0.00,0.20/1.00,0.59,-,,,
T38,elev_doublet,cmalpha_x0.7,10,0.742,0.84,0.0,0.54/0.70,1.00/1.00,0.79,-,,,
T38,elev_doublet,clo_+0.1,7,0.742,7.96,3.0,0.38/0.71,0.80/1.00,0.7,0.67/0.29,1.00/0.75,0.63,
T38,elev_doublet,noop,2,0.742,,,,,,,,,0.09
T38,elev_step,inertia_x1.6,2,0.75,0.78,0.0,0.09/1.00,0.40/1.00,,-,,,
T38,elev_step,cmq_x0.5,0,0.75,0.79,0.0,0.00/0.00,0.00/0.00,0.53,-,,,
T38,elev_step,cmalpha_x0.7,7,0.75,2.26,4.0,0.46/0.86,0.80/1.00,0.69,0.50/0.29,0.67/0.50,0.71,
T38,elev_step,clo_+0.1,11,0.75,7.47,3.0,0.54/0.64,0.80/1.00,0.63,1.00/0.27,1.00/0.75,0.93,
T38,elev_step,noop,0,0.75,,,,,,,,,0.0
T38,aileron_step,inertia_x1.6,1,0.697,0.39,0.0,0.05/1.00,0.20/1.00,,-,,,
T38,aileron_step,cmq_x0.5,3,0.697,0.45,0.0,0.15/0.67,0.60/1.00,0.63,-,,,
T38,aileron_step,cmalpha_x0.7,14,0.697,0.62,0.0,0.69/0.64,1.00/1.00,0.76,-,,,
T38,aileron_step,clo_+0.1,14,0.697,7.7,2.0,0.69/0.64,1.00/1.00,0.79,1.00/0.14,1.00/0.40,0.95,
T38,aileron_step,noop,1,0.697,,,,,,,,,0.05
T38,rudder_doublet,inertia_x1.6,2,0.713,0.41,0.0,0.09/1.00,0.20/1.00,,-,,,
T38,rudder_doublet,cmq_x0.5,1,0.713,0.32,0.0,0.00/0.00,0.20/1.00,0.44,-,,,
T38,rudder_doublet,cmalpha_x0.7,1,0.713,0.58,0.0,0.00/0.00,0.20/1.00,0.68,-,,,
T38,rudder_doublet,clo_+0.1,9,0.713,8.26,4.0,0.46/0.67,0.60/1.00,0.81,0.75/0.33,1.00/1.00,0.67,
T38,rudder_doublet,noop,1,0.713,,,,,,,,,0.05
T38,bank_hold,inertia_x1.6,0,0.67,0.49,0.0,0.00/0.00,0.00/0.00,,-,,,
T38,bank_hold,cmq_x0.5,0,0.67,0.38,0.0,0.00/0.00,0.00/0.00,0.6,-,,,
T38,bank_hold,cmalpha_x0.7,17,0.67,0.62,0.0,1.00/0.76,1.00/1.00,0.82,-,,,
T38,bank_hold,clo_+0.1,19,0.67,6.91,2.0,1.00/0.68,1.00/1.00,0.83,1.00/0.11,1.00/0.40,0.82,
T38,bank_hold,noop,1,0.67,,,,,,,,,0.05
T38,flap_extend,inertia_x1.6,0,0.662,0.49,0.0,0.00/0.00,0.00/0.00,,-,,,
T38,flap_extend,cmq_x0.5,1,0.662,1.04,3.0,0.08/1.00,0.20/1.00,0.23,0.00/0.00,0.50/1.00,0.51,
T38,flap_extend,clo_+0.1,9,0.662,2.76,6.0,0.62/0.89,0.80/1.00,0.85,0.83/0.56,1.00/0.75,0.92,
T38,flap_extend,noop,2,0.662,,,,,,,,,0.09
T38,engine_cut,inertia_x1.6,1,0.632,1.36,4.0,0.05/1.00,0.20/1.00,,0.00/0.00,0.00/0.00,0.42,
T38,engine_cut,cmq_x0.5,1,0.632,1.1,0.0,0.08/1.00,0.20/1.00,0.3,-,,,
T38,engine_cut,cmalpha_x0.7,19,0.632,0.94,0.0,1.00/0.68,1.00/1.00,0.79,-,,,
T38,engine_cut,clo_+0.1,19,0.632,6.92,9.0,1.00/0.68,1.00/1.00,0.74,1.00/0.47,1.00/1.00,0.71,
T38,engine_cut,noop,0,0.632,,,,,,,,,0.0
T38,elev_doublet_distractor,inertia_x1.6,1,0.718,0.59,0.0,0.05/1.00,0.20/1.00,,-,,,
T38,elev_doublet_distractor,cmq_x0.5,2,0.718,0.33,0.0,0.08/0.50,0.40/1.00,0.54,-,,,
T38,elev_doublet_distractor,cmalpha_x0.7,8,0.718,0.48,0.0,0.38/0.62,0.80/1.00,0.58,-,,,
T38,elev_doublet_distractor,clo_+0.1,12,0.718,7.0,3.0,0.77/0.83,1.00/1.00,0.87,1.00/0.25,1.00/0.60,0.72,
T38,elev_doublet_distractor,noop,4,0.718,,,,,,,,,0.18
c172p,cruise,inertia_x1.6,1,0.772,0.99,0.0,0.05/1.00,0.20/1.00,,-,,,
c172p,cruise,cmq_x0.5,2,0.772,0.2,0.0,0.08/0.50,0.40/1.00,0.46,-,,,
c172p,cruise,cmalpha_x0.7,1,0.772,0.68,0.0,0.00/0.00,0.20/1.00,0.63,-,,,
c172p,cruise,clo_+0.1,2,0.772,1.84,1.0,0.15/1.00,0.40/1.00,0.62,0.00/0.00,0.00/0.00,0.0,
c172p,cruise,noop,2,0.772,,,,,,,,,0.09
c172p,throttle_step,inertia_x1.6,4,0.761,0.97,0.0,0.18/1.00,0.60/1.00,,-,,,
c172p,throttle_step,cmq_x0.5,2,0.761,0.23,0.0,0.00/0.00,0.40/1.00,0.0,-,,,
c172p,throttle_step,cmalpha_x0.7,0,0.761,0.96,0.0,0.00/0.00,0.00/0.00,0.24,-,,,
c172p,throttle_step,clo_+0.1,3,0.761,1.98,1.0,0.23/1.00,0.20/1.00,0.47,0.00/0.00,0.00/0.00,0.0,
c172p,throttle_step,noop,2,0.761,,,,,,,,,0.09
c172p,elev_doublet,inertia_x1.6,0,0.798,1.1,1.0,0.00/0.00,0.00/0.00,,0.00/0.00,0.00/0.00,0.33,
c172p,elev_doublet,cmq_x0.5,0,0.798,0.21,0.0,0.00/0.00,0.00/0.00,0.37,-,,,
c172p,elev_doublet,cmalpha_x0.7,0,0.798,0.56,0.0,0.00/0.00,0.00/0.00,0.28,-,,,
c172p,elev_doublet,clo_+0.1,1,0.798,1.82,1.0,0.08/1.00,0.20/1.00,0.41,0.00/0.00,0.00/0.00,0.0,
c172p,elev_doublet,noop,0,0.798,,,,,,,,,0.0
c172p,elev_step,inertia_x1.6,2,0.758,0.92,0.0,0.09/1.00,0.40/1.00,,-,,,
c172p,elev_step,cmq_x0.5,0,0.758,0.39,0.0,0.00/0.00,0.00/0.00,0.76,-,,,
c172p,elev_step,cmalpha_x0.7,1,0.758,0.65,0.0,0.00/0.00,0.20/1.00,0.56,-,,,
c172p,elev_step,clo_+0.1,3,0.758,1.74,5.0,0.23/1.00,0.20/1.00,0.32,0.20/0.33,0.25/1.00,0.4,
c172p,elev_step,noop,0,0.758,,,,,,,,,0.0
c172p,aileron_step,inertia_x1.6,4,0.752,1.1,1.0,0.18/1.00,0.60/1.00,,0.00/0.00,0.00/0.00,0.24,
c172p,aileron_step,cmq_x0.5,1,0.752,0.26,0.0,0.00/0.00,0.20/1.00,0.7,-,,,
c172p,aileron_step,cmalpha_x0.7,1,0.752,0.94,0.0,0.08/1.00,0.20/1.00,0.51,-,,,
c172p,aileron_step,clo_+0.1,2,0.752,1.96,1.0,0.15/1.00,0.40/1.00,0.55,0.00/0.00,0.00/0.00,0.0,
c172p,aileron_step,noop,4,0.752,,,,,,,,,0.18
c172p,rudder_doublet,inertia_x1.6,3,0.758,1.64,5.0,0.14/1.00,0.40/1.00,,0.00/0.00,0.67/1.00,0.26,
c172p,rudder_doublet,cmq_x0.5,3,0.758,0.18,0.0,0.08/0.33,0.20/1.00,0.52,-,,,
c172p,rudder_doublet,cmalpha_x0.7,6,0.758,0.5,0.0,0.23/0.50,0.40/1.00,0.55,-,,,
c172p,rudder_doublet,clo_+0.1,5,0.758,1.78,1.0,0.23/0.60,0.60/1.00,0.56,1.00/0.20,1.00/0.33,1.0,
c172p,rudder_doublet,noop,3,0.758,,,,,,,,,0.14
c172p,bank_hold,inertia_x1.6,1,0.784,0.98,0.0,0.05/1.00,0.20/1.00,,-,,,
c172p,bank_hold,cmq_x0.5,0,0.784,0.23,0.0,0.00/0.00,0.00/0.00,0.63,-,,,
c172p,bank_hold,cmalpha_x0.7,0,0.784,0.84,0.0,0.00/0.00,0.00/0.00,0.83,-,,,
c172p,bank_hold,clo_+0.1,2,0.784,1.78,1.0,0.08/0.50,0.40/1.00,0.64,1.00/0.50,1.00/0.50,1.0,
c172p,bank_hold,noop,0,0.784,,,,,,,,,0.0
c172p,flap_extend,inertia_x1.6,2,0.767,0.96,0.0,0.09/1.00,0.40/1.00,,-,,,
c172p,flap_extend,cmq_x0.5,0,0.767,0.21,0.0,0.00/0.00,0.00/0.00,0.6,-,,,
c172p,flap_extend,cmalpha_x0.7,4,0.767,2.44,9.0,0.31/1.00,0.40/1.00,0.65,0.22/0.50,0.40/1.00,0.72,
c172p,flap_extend,clo_+0.1,2,0.767,1.73,1.0,0.15/1.00,0.40/1.00,0.38,0.00/0.00,0.00/0.00,0.0,
c172p,flap_extend,noop,1,0.767,,,,,,,,,0.05
c172p,climbing_turn,inertia_x1.6,1,0.724,1.04,1.0,0.05/1.00,0.20/1.00,,0.00/0.00,1.00/1.00,0.43,
c172p,climbing_turn,cmq_x0.5,0,0.724,0.22,0.0,0.00/0.00,0.00/0.00,0.26,-,,,
c172p,climbing_turn,cmalpha_x0.7,0,0.724,0.76,0.0,0.00/0.00,0.00/0.00,0.09,-,,,
c172p,climbing_turn,clo_+0.1,0,0.724,1.82,1.0,0.00/0.00,0.00/0.00,0.66,0.00/0.00,0.00/0.00,0.0,
c172p,climbing_turn,noop,0,0.724,,,,,,,,,0.0
c172p,elev_doublet_distractor,inertia_x1.6,2,0.771,1.08,1.0,0.09/1.00,0.40/1.00,,1.00/0.50,1.00/0.50,0.67,
c172p,elev_doublet_distractor,cmq_x0.5,1,0.771,0.24,0.0,0.08/1.00,0.20/1.00,0.54,-,,,
c172p,elev_doublet_distractor,cmalpha_x0.7,0,0.771,0.72,0.0,0.00/0.00,0.00/0.00,0.48,-,,,
c172p,elev_doublet_distractor,clo_+0.1,3,0.771,1.79,1.0,0.23/1.00,0.40/1.00,0.54,0.00/0.00,0.00/0.00,0.0,
c172p,elev_doublet_distractor,noop,1,0.771,,,,,,,,,0.05
c172p,engine_stop,inertia_x1.6,1,0.801,0.95,0.0,0.05/1.00,0.20/1.00,,-,,,
c172p,engine_stop,cmq_x0.5,0,0.801,0.33,0.0,0.00/0.00,0.00/0.00,0.51,-,,,
c172p,engine_stop,cmalpha_x0.7,2,0.801,0.75,0.0,0.08/0.50,0.20/1.00,0.5,-,,,
c172p,engine_stop,clo_+0.1,3,0.801,1.53,1.0,0.23/1.00,0.40/1.00,0.59,0.00/0.00,0.00/0.00,0.0,
c172p,engine_stop,noop,0,0.801,,,,,,,,,0.0
c172r,cruise,inertia_x1.6,1,0.782,0.79,0.0,0.05/1.00,0.20/1.00,,-,,,
c172r,cruise,cmq_x0.5,0,0.782,0.23,0.0,0.00/0.00,0.00/0.00,0.46,-,,,
c172r,cruise,cmalpha_x0.7,0,0.782,0.56,0.0,0.00/0.00,0.00/0.00,0.13,-,,,
c172r,cruise,clo_+0.1,2,0.782,1.64,1.0,0.08/0.50,0.40/1.00,0.53,0.00/0.00,0.00/0.00,0.0,
c172r,cruise,noop,0,0.782,,,,,,,,,0.0
c172r,throttle_step,inertia_x1.6,0,0.77,1.34,1.0,0.00/0.00,0.00/0.00,,0.00/0.00,0.00/0.00,0.9,
c172r,throttle_step,cmq_x0.5,0,0.77,0.26,0.0,0.00/0.00,0.00/0.00,0.55,-,,,
c172r,throttle_step,cmalpha_x0.7,2,0.77,0.96,0.0,0.08/0.50,0.40/1.00,0.75,-,,,
c172r,throttle_step,clo_+0.1,4,0.77,1.53,1.0,0.23/0.75,0.40/1.00,0.49,0.00/0.00,0.00/0.00,0.0,
c172r,throttle_step,noop,0,0.77,,,,,,,,,0.0
c172r,elev_doublet,inertia_x1.6,4,0.767,0.78,0.0,0.18/1.00,0.80/1.00,,-,,,
c172r,elev_doublet,cmq_x0.5,1,0.767,0.25,0.0,0.08/1.00,0.20/1.00,0.39,-,,,
c172r,elev_doublet,cmalpha_x0.7,0,0.767,1.38,0.0,0.00/0.00,0.00/0.00,0.24,-,,,
c172r,elev_doublet,clo_+0.1,1,0.767,1.43,1.0,0.08/1.00,0.20/1.00,0.48,0.00/0.00,0.00/0.00,0.0,
c172r,elev_doublet,noop,1,0.767,,,,,,,,,0.05
c172r,elev_step,inertia_x1.6,3,0.783,1.04,1.0,0.14/1.00,0.40/1.00,,0.00/0.00,1.00/0.50,0.62,
c172r,elev_step,cmq_x0.5,2,0.783,0.27,0.0,0.08/0.50,0.20/1.00,0.53,-,,,
c172r,elev_step,cmalpha_x0.7,2,0.783,0.81,0.0,0.08/0.50,0.40/1.00,0.61,-,,,
c172r,elev_step,clo_+0.1,0,0.783,1.39,1.0,0.00/0.00,0.00/0.00,0.66,0.00/0.00,0.00/0.00,0.0,
c172r,elev_step,noop,3,0.783,,,,,,,,,0.14
c172r,aileron_step,inertia_x1.6,3,0.751,0.99,0.0,0.14/1.00,0.40/1.00,,-,,,
c172r,aileron_step,cmq_x0.5,4,0.751,0.34,0.0,0.23/0.75,0.80/1.00,0.5,-,,,
c172r,aileron_step,cmalpha_x0.7,4,0.751,0.85,0.0,0.23/0.75,0.40/1.00,0.65,-,,,
c172r,aileron_step,clo_+0.1,3,0.751,1.86,1.0,0.08/0.33,0.40/1.00,0.58,0.00/0.00,0.00/0.00,0.0,
c172r,aileron_step,noop,3,0.751,,,,,,,,,0.14
c172r,rudder_doublet,inertia_x1.6,1,0.776,1.02,1.0,0.05/1.00,0.20/1.00,,0.00/0.00,0.00/0.00,0.71,
c172r,rudder_doublet,cmq_x0.5,1,0.776,0.19,0.0,0.00/0.00,0.20/1.00,0.85,-,,,
c172r,rudder_doublet,cmalpha_x0.7,1,0.776,0.62,0.0,0.08/1.00,0.20/1.00,0.67,-,,,
c172r,rudder_doublet,clo_+0.1,2,0.776,1.55,1.0,0.15/1.00,0.20/1.00,0.73,0.00/0.00,0.00/0.00,0.0,
c172r,rudder_doublet,noop,0,0.776,,,,,,,,,0.0
c172r,bank_hold,inertia_x1.6,0,0.776,1.13,9.0,0.00/0.00,0.00/0.00,,0.00/0.00,0.00/0.00,0.68,
c172r,bank_hold,cmq_x0.5,0,0.776,0.24,0.0,0.00/0.00,0.00/0.00,0.36,-,,,
c172r,bank_hold,cmalpha_x0.7,1,0.776,0.64,0.0,0.08/1.00,0.20/1.00,0.54,-,,,
c172r,bank_hold,clo_+0.1,4,0.776,1.77,1.0,0.31/1.00,0.40/1.00,0.65,0.00/0.00,0.00/0.00,0.0,
c172r,bank_hold,noop,0,0.776,,,,,,,,,0.0
c172r,flap_extend,inertia_x1.6,3,0.768,0.88,0.0,0.14/1.00,0.20/1.00,,-,,,
c172r,flap_extend,cmq_x0.5,3,0.768,0.27,0.0,0.23/1.00,0.20/1.00,0.56,-,,,
c172r,flap_extend,cmalpha_x0.7,7,0.768,3.24,9.0,0.38/0.71,0.60/1.00,0.61,0.33/0.43,0.60/1.00,0.59,
c172r,flap_extend,clo_+0.1,3,0.768,1.36,1.0,0.23/1.00,0.40/1.00,0.6,0.00/0.00,0.00/0.00,0.0,
c172r,flap_extend,noop,2,0.768,,,,,,,,,0.09
c172r,climbing_turn,inertia_x1.6,1,0.715,0.9,0.0,0.05/1.00,0.20/1.00,,-,,,
c172r,climbing_turn,cmq_x0.5,1,0.715,0.28,0.0,0.08/1.00,0.20/1.00,0.56,-,,,
c172r,climbing_turn,cmalpha_x0.7,1,0.715,0.94,0.0,0.08/1.00,0.20/1.00,0.35,-,,,
c172r,climbing_turn,clo_+0.1,7,0.715,1.8,3.0,0.46/0.86,0.60/1.00,0.68,0.00/0.00,0.33/0.33,0.33,
c172r,climbing_turn,noop,0,0.715,,,,,,,,,0.0
c172r,elev_doublet_distractor,inertia_x1.6,3,0.774,0.99,0.0,0.14/1.00,0.60/1.00,,-,,,
c172r,elev_doublet_distractor,cmq_x0.5,2,0.774,0.21,0.0,0.08/0.50,0.40/1.00,0.56,-,,,
c172r,elev_doublet_distractor,cmalpha_x0.7,5,0.774,0.68,0.0,0.38/1.00,0.60/1.00,0.78,-,,,
c172r,elev_doublet_distractor,clo_+0.1,4,0.774,1.5,1.0,0.31/1.00,0.20/1.00,0.7,0.00/0.00,0.00/0.00,0.0,
c172r,elev_doublet_distractor,noop,5,0.774,,,,,,,,,0.23
c172r,engine_stop,inertia_x1.6,5,0.777,0.92,0.0,0.23/1.00,0.80/1.00,,-,,,
c172r,engine_stop,cmq_x0.5,1,0.777,0.27,0.0,0.08/1.00,0.20/1.00,0.45,-,,,
c172r,engine_stop,cmalpha_x0.7,4,0.777,0.83,0.0,0.23/0.75,0.40/1.00,0.37,-,,,
c172r,engine_stop,clo_+0.1,3,0.777,1.68,1.0,0.23/1.00,0.20/1.00,0.43,0.00/0.00,0.00/0.00,0.0,
c172r,engine_stop,noop,2,0.777,,,,,,,,,0.09
c182,cruise,inertia_x1.6,1,0.78,0.9,0.0,0.05/1.00,0.20/1.00,,-,,,
c182,cruise,cmq_x0.5,1,0.78,0.79,0.0,0.08/1.00,0.20/1.00,0.92,-,,,
c182,cruise,cmalpha_x0.7,4,0.78,0.52,0.0,0.23/0.75,0.40/1.00,0.84,-,,,
c182,cruise,clo_+0.1,1,0.78,1.35,1.0,0.08/1.00,0.20/1.00,0.68,1.00/1.00,1.00/1.00,1.0,
c182,cruise,noop,2,0.78,,,,,,,,,0.09
c182,throttle_step,inertia_x1.6,0,0.76,1.59,3.0,0.00/0.00,0.00/0.00,,0.00/0.00,0.00/0.00,0.39,
c182,throttle_step,cmq_x0.5,2,0.76,1.05,0.0,0.00/0.00,0.40/1.00,0.69,-,,,
c182,throttle_step,cmalpha_x0.7,0,0.76,0.94,0.0,0.00/0.00,0.00/0.00,0.59,-,,,
c182,throttle_step,clo_+0.1,3,0.76,1.35,1.0,0.08/0.33,0.20/1.00,0.46,0.00/0.00,0.00/0.00,0.0,
c182,throttle_step,noop,0,0.76,,,,,,,,,0.0
c182,elev_doublet,inertia_x1.6,1,0.784,1.32,5.0,0.05/1.00,0.20/1.00,,0.00/0.00,0.33/1.00,0.68,
c182,elev_doublet,cmq_x0.5,2,0.784,0.84,0.0,0.15/1.00,0.20/1.00,0.63,-,,,
c182,elev_doublet,cmalpha_x0.7,1,0.784,0.95,0.0,0.08/1.00,0.20/1.00,0.53,-,,,
c182,elev_doublet,clo_+0.1,4,0.784,1.46,3.0,0.23/0.75,0.60/1.00,0.64,0.00/0.00,0.67/0.67,0.39,
c182,elev_doublet,noop,3,0.784,,,,,,,,,0.14
c182,elev_step,inertia_x1.6,0,0.77,0.9,0.0,0.00/0.00,0.00/0.00,,-,,,
c182,elev_step,cmq_x0.5,1,0.77,0.91,0.0,0.08/1.00,0.20/1.00,0.25,-,,,
c182,elev_step,cmalpha_x0.7,0,0.77,0.8,0.0,0.00/0.00,0.00/0.00,0.52,-,,,
c182,elev_step,clo_+0.1,1,0.77,1.31,1.0,0.08/1.00,0.20/1.00,0.39,0.00/0.00,0.00/0.00,0.0,
c182,elev_step,noop,1,0.77,,,,,,,,,0.05
c182,aileron_step,inertia_x1.6,2,0.782,1.04,1.0,0.09/1.00,0.20/1.00,,0.00/0.00,0.00/0.00,0.9,
c182,aileron_step,cmq_x0.5,0,0.782,1.12,0.0,0.00/0.00,0.00/0.00,0.34,-,,,
c182,aileron_step,cmalpha_x0.7,0,0.782,1.01,0.0,0.00/0.00,0.00/0.00,0.47,-,,,
c182,aileron_step,clo_+0.1,4,0.782,1.31,1.0,0.23/0.75,0.40/1.00,0.68,0.00/0.00,0.00/0.00,0.0,
c182,aileron_step,noop,0,0.782,,,,,,,,,0.0
c182,rudder_doublet,inertia_x1.6,0,0.77,0.87,0.0,0.00/0.00,0.00/0.00,,-,,,
c182,rudder_doublet,cmq_x0.5,1,0.77,0.73,0.0,0.08/1.00,0.20/1.00,0.78,-,,,
c182,rudder_doublet,cmalpha_x0.7,1,0.77,1.13,0.0,0.00/0.00,0.20/1.00,0.67,-,,,
c182,rudder_doublet,clo_+0.1,1,0.77,1.41,1.0,0.08/1.00,0.20/1.00,0.56,1.00/1.00,1.00/1.00,0.9,
c182,rudder_doublet,noop,0,0.77,,,,,,,,,0.0
c182,bank_hold,inertia_x1.6,0,0.788,0.77,0.0,0.00/0.00,0.00/0.00,,-,,,
c182,bank_hold,cmq_x0.5,0,0.788,0.5,0.0,0.00/0.00,0.00/0.00,0.44,-,,,
c182,bank_hold,cmalpha_x0.7,0,0.788,0.63,0.0,0.00/0.00,0.00/0.00,0.74,-,,,
c182,bank_hold,clo_+0.1,4,0.788,1.38,1.0,0.15/0.50,0.60/1.00,0.49,0.00/0.00,1.00/0.33,0.0,
c182,bank_hold,noop,2,0.788,,,,,,,,,0.09
c182,climbing_turn,inertia_x1.6,1,0.716,1.0,0.0,0.05/1.00,0.20/1.00,,-,,,
c182,climbing_turn,cmq_x0.5,0,0.716,0.8,0.0,0.00/0.00,0.00/0.00,0.39,-,,,
c182,climbing_turn,cmalpha_x0.7,2,0.716,0.74,0.0,0.15/1.00,0.40/1.00,0.73,-,,,
c182,climbing_turn,clo_+0.1,7,0.716,1.29,1.0,0.38/0.71,0.60/1.00,0.61,0.00/0.00,1.00/0.33,0.05,
c182,climbing_turn,noop,0,0.716,,,,,,,,,0.0
c182,elev_doublet_distractor,inertia_x1.6,0,0.765,0.93,0.0,0.00/0.00,0.00/0.00,,-,,,
c182,elev_doublet_distractor,cmq_x0.5,1,0.765,0.88,0.0,0.00/0.00,0.20/1.00,0.54,-,,,
c182,elev_doublet_distractor,cmalpha_x0.7,2,0.765,0.82,0.0,0.15/1.00,0.20/1.00,0.93,-,,,
c182,elev_doublet_distractor,clo_+0.1,1,0.765,1.35,1.0,0.08/1.00,0.20/1.00,0.78,0.00/0.00,0.00/0.00,0.0,
c182,elev_doublet_distractor,noop,4,0.765,,,,,,,,,0.18
c182,engine_stop,inertia_x1.6,1,0.789,0.85,0.0,0.05/1.00,0.20/1.00,,-,,,
c182,engine_stop,cmq_x0.5,0,0.789,1.07,3.0,0.00/0.00,0.00/0.00,0.79,0.00/0.00,0.00/0.00,0.81,
c182,engine_stop,cmalpha_x0.7,0,0.789,1.14,3.0,0.00/0.00,0.00/0.00,0.4,0.00/0.00,0.00/0.00,0.04,
c182,engine_stop,clo_+0.1,6,0.789,1.58,7.0,0.38/0.83,0.40/1.00,0.81,0.57/0.67,0.50/1.00,0.78,
c182,engine_stop,noop,1,0.789,,,,,,,,,0.05
c310,cruise,inertia_x1.6,0,0.794,0.6,0.0,0.00/0.00,0.00/0.00,,-,,,
c310,cruise,cmq_x0.5,1,0.794,0.87,0.0,0.08/1.00,0.20/1.00,0.62,-,,,
c310,cruise,cmalpha_x0.7,1,0.794,0.96,0.0,0.08/1.00,0.20/1.00,0.5,-,,,
c310,cruise,clo_+0.1,3,0.794,0.8,0.0,0.23/1.00,0.40/1.00,0.62,-,,,
c310,cruise,noop,0,0.794,,,,,,,,,0.0
c310,throttle_step,inertia_x1.6,0,0.731,0.65,0.0,0.00/0.00,0.00/0.00,,-,,,
c310,throttle_step,cmq_x0.5,0,0.731,1.14,3.0,0.00/0.00,0.00/0.00,0.79,0.00/0.00,0.00/0.00,0.49,
c310,throttle_step,cmalpha_x0.7,4,0.731,1.16,5.0,0.15/0.50,0.40/1.00,0.63,0.20/0.25,0.50/0.50,0.75,
c310,throttle_step,clo_+0.1,5,0.731,1.11,2.0,0.31/0.80,0.60/1.00,0.74,0.00/0.00,0.50/0.33,0.55,
c310,throttle_step,noop,2,0.731,,,,,,,,,0.09
c310,elev_doublet,inertia_x1.6,1,0.792,1.01,3.0,0.05/1.00,0.20/1.00,,0.00/0.00,0.00/0.00,0.56,
c310,elev_doublet,cmq_x0.5,1,0.792,1.5,7.0,0.08/1.00,0.20/1.00,0.36,0.00/0.00,0.33/1.00,0.45,
c310,elev_doublet,cmalpha_x0.7,0,0.792,0.81,0.0,0.00/0.00,0.00/0.00,0.5,-,,,
c310,elev_doublet,clo_+0.1,1,0.792,1.28,7.0,0.08/1.00,0.20/1.00,0.63,0.00/0.00,0.25/1.00,0.54,
c310,elev_doublet,noop,0,0.792,,,,,,,,,0.0
c310,elev_step,inertia_x1.6,0,0.789,0.84,0.0,0.00/0.00,0.00/0.00,,-,,,
c310,elev_step,cmq_x0.5,0,0.789,1.15,3.0,0.00/0.00,0.00/0.00,0.58,0.00/0.00,0.00/0.00,0.72,
c310,elev_step,cmalpha_x0.7,0,0.789,0.84,0.0,0.00/0.00,0.00/0.00,0.45,-,,,
c310,elev_step,clo_+0.1,2,0.789,0.72,0.0,0.15/1.00,0.40/1.00,0.48,-,,,
c310,elev_step,noop,1,0.789,,,,,,,,,0.05
c310,aileron_step,inertia_x1.6,2,0.756,0.95,0.0,0.09/1.00,0.40/1.00,,-,,,
c310,aileron_step,cmq_x0.5,3,0.756,0.82,0.0,0.23/1.00,0.60/1.00,0.81,-,,,
c310,aileron_step,cmalpha_x0.7,4,0.756,0.75,0.0,0.31/1.00,0.40/1.00,0.72,-,,,
c310,aileron_step,clo_+0.1,3,0.756,0.98,0.0,0.23/1.00,0.40/1.00,0.77,-,,,
c310,aileron_step,noop,1,0.756,,,,,,,,,0.05
c310,rudder_doublet,inertia_x1.6,0,0.799,0.55,0.0,0.00/0.00,0.00/0.00,,-,,,
c310,rudder_doublet,cmq_x0.5,0,0.799,0.91,0.0,0.00/0.00,0.00/0.00,0.51,-,,,
c310,rudder_doublet,cmalpha_x0.7,0,0.799,0.78,0.0,0.00/0.00,0.00/0.00,0.62,-,,,
c310,rudder_doublet,clo_+0.1,2,0.799,1.02,1.0,0.15/1.00,0.40/1.00,0.72,0.00/0.00,0.00/0.00,0.0,
c310,rudder_doublet,noop,0,0.799,,,,,,,,,0.0
c310,bank_hold,inertia_x1.6,6,0.773,0.53,0.0,0.27/1.00,0.60/1.00,,-,,,
c310,bank_hold,cmq_x0.5,4,0.773,0.98,0.0,0.23/0.75,0.40/1.00,0.82,-,,,
c310,bank_hold,cmalpha_x0.7,2,0.773,0.91,0.0,0.08/0.50,0.20/1.00,0.56,-,,,
c310,bank_hold,clo_+0.1,2,0.773,0.89,0.0,0.08/0.50,0.40/1.00,0.63,-,,,
c310,bank_hold,noop,5,0.773,,,,,,,,,0.23
c310,flap_extend,inertia_x1.6,2,0.762,0.84,0.0,0.09/1.00,0.40/1.00,,-,,,
c310,flap_extend,cmq_x0.5,2,0.762,1.16,2.0,0.15/1.00,0.40/1.00,0.58,0.00/0.00,0.50/0.50,0.3,
c310,flap_extend,cmalpha_x0.7,3,0.762,1.78,9.0,0.23/1.00,0.60/1.00,0.46,0.22/0.67,0.60/1.00,0.54,
c310,flap_extend,clo_+0.1,2,0.762,1.06,0.0,0.15/1.00,0.20/1.00,0.59,-,,,
c310,flap_extend,noop,1,0.762,,,,,,,,,0.05
c310,engine_cut,inertia_x1.6,0,0.8,1.11,8.0,0.00/0.00,0.00/0.00,,0.00/0.00,0.00/0.00,0.46,
c310,engine_cut,cmq_x0.5,1,0.8,1.17,5.0,0.08/1.00,0.20/1.00,0.33,0.00/0.00,0.00/0.00,0.26,
c310,engine_cut,cmalpha_x0.7,1,0.8,1.02,1.0,0.08/1.00,0.20/1.00,0.24,0.00/0.00,1.00/1.00,0.05,
c310,engine_cut,clo_+0.1,3,0.8,1.33,0.0,0.08/0.33,0.20/1.00,0.59,-,,,
c310,engine_cut,noop,1,0.8,,,,,,,,,0.05
c310,climbing_turn,inertia_x1.6,0,0.686,0.79,0.0,0.00/0.00,0.00/0.00,,-,,,
c310,climbing_turn,cmq_x0.5,4,0.686,2.02,8.0,0.31/1.00,0.60/1.00,0.84,0.25/0.50,0.50/0.67,0.71,
c310,climbing_turn,cmalpha_x0.7,0,0.686,1.5,7.0,0.00/0.00,0.00/0.00,0.56,0.00/0.00,0.00/0.00,0.31,
c310,climbing_turn,clo_+0.1,10,0.686,1.14,1.0,0.46/0.60,0.80/1.00,0.6,0.00/0.00,1.00/0.25,0.0,
c310,climbing_turn,noop,1,0.686,,,,,,,,,0.05
c310,elev_doublet_distractor,inertia_x1.6,1,0.798,0.45,0.0,0.05/1.00,0.20/1.00,,-,,,
c310,elev_doublet_distractor,cmq_x0.5,2,0.798,0.89,0.0,0.15/1.00,0.40/1.00,0.65,-,,,
c310,elev_doublet_distractor,cmalpha_x0.7,1,0.798,1.09,3.0,0.08/1.00,0.20/1.00,0.71,0.00/0.00,0.00/0.00,0.3,
c310,elev_doublet_distractor,clo_+0.1,3,0.798,1.15,7.0,0.15/0.67,0.40/1.00,0.55,0.00/0.00,0.50/1.00,0.22,
c310,elev_doublet_distractor,noop,1,0.798,,,,,,,,,0.05
c310,engine_stop,inertia_x1.6,0,0.803,0.59,0.0,0.00/0.00,0.00/0.00,,-,,,
c310,engine_stop,cmq_x0.5,0,0.803,0.78,0.0,0.00/0.00,0.00/0.00,0.28,-,,,
c310,engine_stop,cmalpha_x0.7,1,0.803,1.03,2.0,0.08/1.00,0.20/1.00,0.63,0.00/0.00,0.00/0.00,0.95,
c310,engine_stop,clo_+0.1,1,0.803,0.81,0.0,0.08/1.00,0.20/1.00,0.55,-,,,
c310,engine_stop,noop,0,0.803,,,,,,,,,0.0
f15,cruise,inertia_x1.6,2,0.709,1.01,1.0,0.09/1.00,0.20/1.00,,0.00/0.00,0.00/0.00,1.0,
f15,cruise,cmq_x0.5,1,0.709,0.29,0.0,0.08/1.00,0.20/1.00,0.38,-,,,
f15,cruise,cmalpha_x0.7,5,0.709,1.18,2.0,0.23/0.60,0.40/1.00,0.43,0.00/0.00,0.50/0.50,0.2,
f15,cruise,clo_+0.1,7,0.709,11.91,9.0,0.23/0.43,0.40/1.00,0.26,0.33/0.43,0.25/0.50,0.3,
f15,cruise,noop,1,0.709,,,,,,,,,0.05
f15,throttle_step,inertia_x1.6,1,0.667,0.64,0.0,0.05/1.00,0.20/1.00,,-,,,
f15,throttle_step,cmq_x0.5,0,0.667,0.31,0.0,0.00/0.00,0.00/0.00,0.47,-,,,
f15,throttle_step,cmalpha_x0.7,6,0.667,1.18,2.0,0.15/0.33,0.40/1.00,0.32,0.00/0.00,0.50/0.50,0.5,
f15,throttle_step,clo_+0.1,7,0.667,12.31,9.0,0.23/0.43,0.40/1.00,0.24,0.33/0.43,0.25/0.50,0.28,
f15,throttle_step,noop,0,0.667,,,,,,,,,0.0
f15,elev_doublet,inertia_x1.6,5,0.69,0.43,0.0,0.23/1.00,0.60/1.00,,-,,,
f15,elev_doublet,cmq_x0.5,3,0.69,0.21,0.0,0.15/0.67,0.40/1.00,0.68,-,,,
f15,elev_doublet,cmalpha_x0.7,9,0.69,0.48,0.0,0.38/0.56,0.40/1.00,0.56,-,,,
f15,elev_doublet,clo_+0.1,7,0.69,10.49,6.0,0.23/0.43,0.40/1.00,0.29,0.00/0.00,0.25/0.50,0.02,
f15,elev_doublet,noop,2,0.69,,,,,,,,,0.09
f15,elev_step,inertia_x1.6,2,0.683,0.68,0.0,0.09/1.00,0.20/1.00,,-,,,
f15,elev_step,cmq_x0.5,1,0.683,0.33,0.0,0.00/0.00,0.20/1.00,0.25,-,,,
f15,elev_step,cmalpha_x0.7,7,0.683,1.29,2.0,0.15/0.29,0.60/1.00,0.21,0.00/0.00,0.50/0.33,0.5,
f15,elev_step,clo_+0.1,9,0.683,11.64,9.0,0.38/0.56,0.40/1.00,0.34,0.44/0.44,0.25/0.50,0.41,
f15,elev_step,noop,1,0.683,,,,,,,,,0.05
f15,aileron_step,inertia_x1.6,4,0.688,0.86,0.0,0.18/1.00,0.60/1.00,,-,,,
f15,aileron_step,cmq_x0.5,4,0.688,0.28,0.0,0.23/0.75,0.40/1.00,0.45,-,,,
f15,aileron_step,cmalpha_x0.7,11,0.688,0.88,0.0,0.46/0.55,0.60/1.00,0.43,-,,,
f15,aileron_step,clo_+0.1,12,0.688,12.75,6.0,0.46/0.50,0.60/1.00,0.43,0.33/0.17,0.50/0.67,0.41,
f15,aileron_step,noop,4,0.688,,,,,,,,,0.18
f15,rudder_doublet,inertia_x1.6,2,0.687,0.52,0.0,0.09/1.00,0.40/1.00,,-,,,
f15,rudder_doublet,cmq_x0.5,1,0.687,0.31,0.0,0.08/1.00,0.20/1.00,0.61,-,,,
f15,rudder_doublet,cmalpha_x0.7,5,0.687,0.99,0.0,0.00/0.00,0.60/1.00,0.48,-,,,
f15,rudder_doublet,clo_+0.1,6,0.687,12.09,10.0,0.15/0.33,0.60/1.00,0.38,0.10/0.17,0.50/0.67,0.42,
f15,rudder_doublet,noop,1,0.687,,,,,,,,,0.05
f15,bank_hold,inertia_x1.6,0,0.692,0.91,0.0,0.00/0.00,0.00/0.00,,-,,,
f15,bank_hold,cmq_x0.5,0,0.692,0.3,0.0,0.00/0.00,0.00/0.00,0.63,-,,,
f15,bank_hold,cmalpha_x0.7,9,0.692,0.86,0.0,0.31/0.44,0.80/1.00,0.31,-,,,
f15,bank_hold,clo_+0.1,9,0.692,12.4,7.0,0.31/0.44,0.80/1.00,0.26,0.57/0.44,0.75/0.75,0.43,
f15,bank_hold,noop,0,0.692,,,,,,,,,0.0
f15,flap_extend,inertia_x1.6,3,0.708,0.97,0.0,0.14/1.00,0.40/1.00,,-,,,
f15,flap_extend,cmq_x0.5,3,0.708,0.32,0.0,0.00/0.00,0.40/1.00,0.32,-,,,
f15,flap_extend,cmalpha_x0.7,4,0.708,1.21,0.0,0.00/0.00,0.40/1.00,0.12,-,,,
f15,flap_extend,clo_+0.1,9,0.708,14.12,7.0,0.15/0.22,0.80/1.00,0.38,0.29/0.22,0.75/0.75,0.5,
f15,flap_extend,noop,3,0.708,,,,,,,,,0.14
f15,engine_cut,inertia_x1.6,3,0.687,0.43,0.0,0.14/1.00,0.40/1.00,,-,,,
f15,engine_cut,cmq_x0.5,3,0.687,0.3,0.0,0.15/0.67,0.60/1.00,0.71,-,,,
f15,engine_cut,cmalpha_x0.7,6,0.687,1.1,0.0,0.23/0.50,0.40/1.00,0.35,-,,,
f15,engine_cut,clo_+0.1,14,0.687,11.51,9.0,0.54/0.50,0.80/1.00,0.33,0.33/0.21,0.75/0.75,0.31,
f15,engine_cut,noop,3,0.687,,,,,,,,,0.14
f15,climbing_turn,inertia_x1.6,2,0.611,0.85,0.0,0.09/1.00,0.40/1.00,,-,,,
f15,climbing_turn,cmq_x0.5,2,0.611,0.27,0.0,0.08/0.50,0.40/1.00,0.53,-,,,
f15,climbing_turn,cmalpha_x0.7,8,0.611,1.62,4.0,0.31/0.50,0.80/1.00,0.42,1.00/0.50,1.00/0.75,0.86,
f15,climbing_turn,clo_+0.1,16,0.611,12.37,9.0,0.69/0.56,1.00/1.00,0.56,0.78/0.44,1.00/0.80,0.76,
f15,climbing_turn,noop,2,0.611,,,,,,,,,0.09
f15,elev_doublet_distractor,inertia_x1.6,1,0.696,0.53,0.0,0.05/1.00,0.20/1.00,,-,,,
f15,elev_doublet_distractor,cmq_x0.5,1,0.696,0.28,0.0,0.00/0.00,0.20/1.00,0.46,-,,,
f15,elev_doublet_distractor,cmalpha_x0.7,5,0.696,0.78,0.0,0.08/0.20,0.40/1.00,0.34,-,,,
f15,elev_doublet_distractor,clo_+0.1,11,0.696,11.11,7.0,0.54/0.64,0.80/1.00,0.43,0.57/0.36,0.75/0.75,0.45,
f15,elev_doublet_distractor,noop,1,0.696,,,,,,,,,0.05
f15,engine_restart,inertia_x1.6,2,0.654,0.53,0.0,0.09/1.00,0.40/1.00,,-,,,
f15,engine_restart,cmq_x0.5,2,0.654,0.29,0.0,0.15/1.00,0.40/1.00,0.5,-,,,
f15,engine_restart,cmalpha_x0.7,2,0.654,1.29,0.0,0.00/0.00,0.40/1.00,0.26,-,,,
f15,engine_restart,clo_+0.1,12,0.654,10.18,10.0,0.46/0.50,0.60/1.00,0.42,0.50/0.42,0.50/0.67,0.53,
f15,engine_restart,noop,1,0.654,,,,,,,,,0.05
f16,throttle_step,inertia_x1.6,1,0.608,0.89,0.0,0.05/1.00,0.20/1.00,,-,,,
f16,throttle_step,cmq_x0.5,1,0.608,0.04,0.0,0.00/0.00,0.20/1.00,0.32,-,,,
f16,throttle_step,cmalpha_x0.7,1,0.608,0.75,0.0,0.00/0.00,0.20/1.00,0.26,-,,,
f16,throttle_step,clo_+0.1,4,0.608,4.31,2.0,0.23/0.75,0.60/1.00,0.49,1.00/0.50,1.00/0.67,0.88,
f16,throttle_step,noop,1,0.608,,,,,,,,,0.05
f16,elev_doublet,inertia_x1.6,2,0.632,0.64,0.0,0.09/1.00,0.40/1.00,,-,,,
f16,elev_doublet,cmq_x0.5,2,0.632,0.03,0.0,0.08/0.50,0.40/1.00,0.4,-,,,
f16,elev_doublet,cmalpha_x0.7,0,0.632,0.55,0.0,0.00/0.00,0.00/0.00,0.45,-,,,
f16,elev_doublet,clo_+0.1,13,0.632,5.58,2.0,0.85/0.85,0.80/1.00,0.79,1.00/0.15,1.00/0.50,0.5,
f16,elev_doublet,noop,2,0.632,,,,,,,,,0.09
f16,aileron_step,inertia_x1.6,2,0.577,0.58,0.0,0.09/1.00,0.20/1.00,,-,,,
f16,aileron_step,cmq_x0.5,0,0.577,0.24,0.0,0.00/0.00,0.00/0.00,0.33,-,,,
f16,aileron_step,cmalpha_x0.7,1,0.577,2.12,0.0,0.00/0.00,0.20/1.00,0.52,-,,,
f16,aileron_step,clo_+0.1,11,0.577,5.61,3.0,0.54/0.64,0.80/1.00,0.72,0.33/0.09,1.00/0.75,0.39,
f16,aileron_step,noop,0,0.577,,,,,,,,,0.0
f16,rudder_doublet,inertia_x1.6,1,0.644,0.91,0.0,0.05/1.00,0.20/1.00,,-,,,
f16,rudder_doublet,cmq_x0.5,0,0.644,0.03,0.0,0.00/0.00,0.00/0.00,0.44,-,,,
f16,rudder_doublet,cmalpha_x0.7,0,0.644,0.87,0.0,0.00/0.00,0.00/0.00,0.33,-,,,
f16,rudder_doublet,clo_+0.1,6,0.644,4.68,2.0,0.46/1.00,0.60/1.00,0.79,0.00/0.00,0.50/0.33,0.0,
f16,rudder_doublet,noop,0,0.644,,,,,,,,,0.0
f16,flap_extend,inertia_x1.6,1,0.599,1.01,1.0,0.05/1.00,0.20/1.00,,0.00/0.00,0.00/0.00,0.76,
f16,flap_extend,cmq_x0.5,0,0.599,0.03,0.0,0.00/0.00,0.00/0.00,0.45,-,,,
f16,flap_extend,cmalpha_x0.7,0,0.599,0.94,0.0,0.00/0.00,0.00/0.00,0.25,-,,,
f16,flap_extend,clo_+0.1,6,0.599,4.4,2.0,0.46/1.00,0.60/1.00,0.77,0.00/0.00,0.50/0.33,0.0,
f16,flap_extend,noop,0,0.599,,,,,,,,,0.0
f16,elev_doublet_distractor,inertia_x1.6,2,0.62,0.8,0.0,0.09/1.00,0.20/1.00,,-,,,
f16,elev_doublet_distractor,cmq_x0.5,0,0.62,0.03,0.0,0.00/0.00,0.00/0.00,0.34,-,,,
f16,elev_doublet_distractor,cmalpha_x0.7,1,0.62,0.74,0.0,0.00/0.00,0.20/1.00,0.12,-,,,
f16,elev_doublet_distractor,clo_+0.1,7,0.62,3.58,2.0,0.46/0.86,0.40/1.00,0.72,0.00/0.00,0.50/0.50,0.0,
f16,elev_doublet_distractor,noop,0,0.62,,,,,,,,,0.0
global5000,cruise,inertia_x1.6,0,0.738,0.53,0.0,0.00/0.00,0.00/0.00,,-,,,
global5000,cruise,cmq_x0.5,0,0.738,0.24,0.0,0.00/0.00,0.00/0.00,0.23,-,,,
global5000,cruise,cmalpha_x0.7,7,0.738,0.77,0.0,0.54/1.00,0.80/1.00,0.82,-,,,
global5000,cruise,clo_+0.1,1,0.738,4.16,3.0,0.08/1.00,0.20/1.00,0.68,0.00/0.00,0.33/1.00,0.0,
global5000,cruise,noop,0,0.738,,,,,,,,,0.0
global5000,throttle_step,inertia_x1.6,1,0.708,0.89,0.0,0.05/1.00,0.20/1.00,,-,,,
global5000,throttle_step,cmq_x0.5,2,0.708,0.34,0.0,0.15/1.00,0.40/1.00,0.39,-,,,
global5000,throttle_step,cmalpha_x0.7,6,0.708,1.54,2.0,0.46/1.00,0.60/1.00,0.73,0.00/0.00,0.50/0.33,0.42,
global5000,throttle_step,clo_+0.1,4,0.708,4.49,3.0,0.31/1.00,0.60/1.00,0.65,0.33/0.25,0.67/0.67,0.49,
global5000,throttle_step,noop,2,0.708,,,,,,,,,0.09
global5000,elev_doublet,inertia_x1.6,1,0.734,0.71,0.0,0.05/1.00,0.20/1.00,,-,,,
global5000,elev_doublet,cmq_x0.5,1,0.734,0.35,0.0,0.00/0.00,0.20/1.00,0.73,-,,,
global5000,elev_doublet,cmalpha_x0.7,5,0.734,0.85,0.0,0.23/0.60,0.80/1.00,0.74,-,,,
global5000,elev_doublet,clo_+0.1,7,0.734,2.92,3.0,0.46/0.86,0.60/1.00,0.58,0.00/0.00,0.67/0.67,0.05,
global5000,elev_doublet,noop,1,0.734,,,,,,,,,0.05
global5000,elev_step,inertia_x1.6,1,0.745,0.91,0.0,0.05/1.00,0.20/1.00,,-,,,
global5000,elev_step,cmq_x0.5,2,0.745,0.76,0.0,0.08/0.50,0.40/1.00,0.45,-,,,
global5000,elev_step,cmalpha_x0.7,4,0.745,2.2,6.0,0.31/1.00,0.60/1.00,0.38,0.00/0.00,0.50/0.67,0.02,
global5000,elev_step,clo_+0.1,0,0.745,4.22,3.0,0.00/0.00,0.00/0.00,0.26,0.00/0.00,0.00/0.00,0.0,
global5000,elev_step,noop,2,0.745,,,,,,,,,0.09
global5000,aileron_step,inertia_x1.6,1,0.71,0.42,0.0,0.05/1.00,0.20/1.00,,-,,,
global5000,aileron_step,cmq_x0.5,2,0.71,0.28,0.0,0.08/0.50,0.20/1.00,0.63,-,,,
global5000,aileron_step,cmalpha_x0.7,10,0.71,0.42,0.0,0.46/0.60,0.60/1.00,0.69,-,,,
global5000,aileron_step,clo_+0.1,13,0.71,4.17,3.0,0.62/0.62,0.60/1.00,0.67,0.33/0.08,0.67/0.67,0.28,
global5000,aileron_step,noop,1,0.71,,,,,,,,,0.05
global5000,rudder_doublet,inertia_x1.6,1,0.712,0.41,0.0,0.05/1.00,0.20/1.00,,-,,,
global5000,rudder_doublet,cmq_x0.5,0,0.712,0.24,0.0,0.00/0.00,0.00/0.00,0.59,-,,,
global5000,rudder_doublet,cmalpha_x0.7,8,0.712,1.08,1.0,0.46/0.75,0.80/1.00,0.76,0.00/0.00,1.00/0.25,0.1,
global5000,rudder_doublet,clo_+0.1,10,0.712,4.44,3.0,0.46/0.60,0.60/1.00,0.71,0.33/0.10,0.67/0.67,0.49,
global5000,rudder_doublet,noop,0,0.712,,,,,,,,,0.0
global5000,bank_hold,inertia_x1.6,0,0.732,0.48,0.0,0.00/0.00,0.00/0.00,,-,,,
global5000,bank_hold,cmq_x0.5,1,0.732,0.34,0.0,0.00/0.00,0.20/1.00,0.53,-,,,
global5000,bank_hold,cmalpha_x0.7,4,0.732,0.7,0.0,0.23/0.75,0.40/1.00,0.63,-,,,
global5000,bank_hold,clo_+0.1,4,0.732,4.73,3.0,0.15/0.50,0.60/1.00,0.48,0.00/0.00,0.67/0.67,0.23,
global5000,bank_hold,noop,1,0.732,,,,,,,,,0.05
global5000,flap_extend,inertia_x1.6,5,0.661,0.88,0.0,0.23/1.00,0.60/1.00,,-,,,
global5000,flap_extend,cmq_x0.5,2,0.661,1.01,1.0,0.15/1.00,0.40/1.00,0.66,0.00/0.00,1.00/0.50,0.48,
global5000,flap_extend,cmalpha_x0.7,4,0.661,0.95,0.0,0.23/0.75,0.60/1.00,0.45,-,,,
global5000,flap_extend,clo_+0.1,4,0.661,1.1,0.0,0.23/0.75,0.60/1.00,0.48,-,,,
global5000,flap_extend,noop,0,0.661,,,,,,,,,0.0
global5000,engine_cut,inertia_x1.6,2,0.76,0.86,0.0,0.09/1.00,0.40/1.00,,-,,,
global5000,engine_cut,cmq_x0.5,1,0.76,0.55,0.0,0.00/0.00,0.20/1.00,0.44,-,,,
global5000,engine_cut,cmalpha_x0.7,8,0.76,3.58,6.0,0.46/0.75,0.80/1.00,0.64,0.33/0.25,0.67/0.50,0.46,
global5000,engine_cut,clo_+0.1,8,0.76,4.31,3.0,0.46/0.75,0.80/1.00,0.56,0.00/0.00,1.00/0.75,0.16,
global5000,engine_cut,noop,1,0.76,,,,,,,,,0.05
global5000,climbing_turn,inertia_x1.6,0,0.614,0.65,0.0,0.00/0.00,0.00/0.00,,-,,,
global5000,climbing_turn,cmq_x0.5,0,0.614,0.47,0.0,0.00/0.00,0.00/0.00,0.5,-,,,
global5000,climbing_turn,cmalpha_x0.7,10,0.614,1.12,2.0,0.54/0.70,0.60/1.00,0.82,0.50/0.10,0.50/0.33,0.72,
global5000,climbing_turn,clo_+0.1,9,0.614,3.64,3.0,0.23/0.33,0.60/1.00,0.33,0.33/0.11,1.00/1.00,0.33,
global5000,climbing_turn,noop,0,0.614,,,,,,,,,0.0
global5000,elev_doublet_distractor,inertia_x1.6,1,0.731,0.79,0.0,0.05/1.00,0.20/1.00,,-,,,
global5000,elev_doublet_distractor,cmq_x0.5,2,0.731,0.33,0.0,0.15/1.00,0.20/1.00,0.92,-,,,
global5000,elev_doublet_distractor,cmalpha_x0.7,7,0.731,0.58,0.0,0.23/0.43,0.80/1.00,0.59,-,,,
global5000,elev_doublet_distractor,clo_+0.1,13,0.731,3.28,3.0,0.69/0.69,0.60/1.00,0.63,0.00/0.00,0.33/0.33,0.0,
global5000,elev_doublet_distractor,noop,2,0.731,,,,,,,,,0.09
global5000,engine_restart,inertia_x1.6,0,0.696,0.51,0.0,0.00/0.00,0.00/0.00,,-,,,
global5000,engine_restart,cmq_x0.5,0,0.696,1.03,1.0,0.00/0.00,0.00/0.00,0.76,0.00/0.00,0.00/0.00,0.38,
global5000,engine_restart,cmalpha_x0.7,3,0.696,2.96,7.0,0.15/0.67,0.40/1.00,0.4,0.14/0.33,0.33/0.50,0.29,
global5000,engine_restart,clo_+0.1,7,0.696,4.31,3.0,0.38/0.71,0.60/1.00,0.58,0.33/0.14,0.67/0.67,0.23,
global5000,engine_restart,noop,0,0.696,,,,,,,,,0.0
pa28,cruise,inertia_x1.6,4,0.777,1.51,2.0,0.18/1.00,0.60/1.00,,1.00/0.50,1.00/0.67,0.87,
pa28,cruise,cmq_x0.5,2,0.777,0.68,0.0,0.15/1.00,0.40/1.00,0.35,-,,,
pa28,cruise,cmalpha_x0.7,1,0.777,0.61,0.0,0.08/1.00,0.20/1.00,0.62,-,,,
pa28,cruise,clo_+0.1,4,0.777,1.66,1.0,0.31/1.00,0.60/1.00,0.7,1.00/0.25,1.00/0.33,1.0,
pa28,cruise,noop,1,0.777,,,,,,,,,0.05
pa28,throttle_step,inertia_x1.6,0,0.796,1.51,2.0,0.00/0.00,0.00/0.00,,0.00/0.00,0.00/0.00,0.67,
pa28,throttle_step,cmq_x0.5,0,0.796,0.65,0.0,0.00/0.00,0.00/0.00,0.39,-,,,
pa28,throttle_step,cmalpha_x0.7,3,0.796,1.08,0.0,0.15/0.67,0.60/1.00,0.57,-,,,
pa28,throttle_step,clo_+0.1,4,0.796,1.59,1.0,0.00/0.00,0.60/1.00,0.07,0.00/0.00,0.00/0.00,0.0,
pa28,throttle_step,noop,0,0.796,,,,,,,,,0.0
pa28,elev_doublet,inertia_x1.6,5,0.778,1.7,3.0,0.23/1.00,0.80/1.00,,0.67/0.40,1.00/0.50,0.67,
pa28,elev_doublet,cmq_x0.5,4,0.778,1.13,1.0,0.31/1.00,0.60/1.00,0.73,0.00/0.00,1.00/0.33,0.29,
pa28,elev_doublet,cmalpha_x0.7,1,0.778,0.68,0.0,0.00/0.00,0.20/1.00,0.33,-,,,
pa28,elev_doublet,clo_+0.1,2,0.778,1.73,1.0,0.08/0.50,0.40/1.00,0.47,0.00/0.00,0.00/0.00,0.0,
pa28,elev_doublet,noop,3,0.778,,,,,,,,,0.14
pa28,elev_step,inertia_x1.6,2,0.776,1.61,2.0,0.09/1.00,0.40/1.00,,0.50/0.50,1.00/1.00,0.92,
pa28,elev_step,cmq_x0.5,2,0.776,0.52,0.0,0.15/1.00,0.40/1.00,0.4,-,,,
pa28,elev_step,cmalpha_x0.7,3,0.776,0.81,0.0,0.23/1.00,0.40/1.00,0.44,-,,,
pa28,elev_step,clo_+0.1,4,0.776,1.68,1.0,0.15/0.50,0.40/1.00,0.58,0.00/0.00,0.00/0.00,0.0,
pa28,elev_step,noop,2,0.776,,,,,,,,,0.09
pa28,aileron_step,inertia_x1.6,2,0.773,1.22,2.0,0.09/1.00,0.40/1.00,,0.50/0.50,1.00/1.00,0.53,
pa28,aileron_step,cmq_x0.5,2,0.773,0.56,0.0,0.15/1.00,0.20/1.00,0.5,-,,,
pa28,aileron_step,cmalpha_x0.7,1,0.773,0.6,0.0,0.08/1.00,0.20/1.00,0.63,-,,,
pa28,aileron_step,clo_+0.1,4,0.773,1.71,1.0,0.23/0.75,0.60/1.00,0.76,1.00/0.25,1.00/0.33,1.0,
pa28,aileron_step,noop,2,0.773,,,,,,,,,0.09
pa28,rudder_doublet,inertia_x1.6,1,0.787,1.66,2.0,0.05/1.00,0.20/1.00,,0.00/0.00,0.00/0.00,0.12,
pa28,rudder_doublet,cmq_x0.5,0,0.787,0.58,0.0,0.00/0.00,0.00/0.00,0.66,-,,,
pa28,rudder_doublet,cmalpha_x0.7,1,0.787,0.5,0.0,0.00/0.00,0.20/1.00,0.77,-,,,
pa28,rudder_doublet,clo_+0.1,1,0.787,1.74,1.0,0.08/1.00,0.20/1.00,0.44,0.00/0.00,0.00/0.00,0.0,
pa28,rudder_doublet,noop,2,0.787,,,,,,,,,0.09
pa28,bank_hold,inertia_x1.6,5,0.754,1.52,3.0,0.23/1.00,0.60/1.00,,0.33/0.20,0.50/0.33,0.61,
pa28,bank_hold,cmq_x0.5,1,0.754,1.01,0.0,0.08/1.00,0.20/1.00,0.6,-,,,
pa28,bank_hold,cmalpha_x0.7,6,0.754,1.08,0.0,0.38/0.83,0.40/1.00,0.78,-,,,
pa28,bank_hold,clo_+0.1,6,0.754,1.63,1.0,0.31/0.67,0.60/1.00,0.72,0.00/0.00,0.00/0.00,0.0,
pa28,bank_hold,noop,1,0.754,,,,,,,,,0.05
pa28,flap_extend,inertia_x1.6,4,0.731,1.7,3.0,0.18/1.00,0.60/1.00,,0.33/0.25,1.00/0.67,0.54,
pa28,flap_extend,cmq_x0.5,1,0.731,0.63,0.0,0.00/0.00,0.20/1.00,0.44,-,,,
pa28,flap_extend,cmalpha_x0.7,10,0.731,2.85,8.0,0.69/0.90,1.00/1.00,0.75,1.00/0.80,1.00/0.80,0.89,
pa28,flap_extend,clo_+0.1,0,0.731,2.07,1.0,0.00/0.00,0.00/0.00,0.45,0.00/0.00,0.00/0.00,0.0,
pa28,flap_extend,noop,1,0.731,,,,,,,,,0.05
pa28,climbing_turn,inertia_x1.6,2,0.734,1.37,2.0,0.09/1.00,0.40/1.00,,1.00/1.00,1.00/1.00,1.0,
pa28,climbing_turn,cmq_x0.5,1,0.734,0.76,0.0,0.00/0.00,0.20/1.00,0.34,-,,,
pa28,climbing_turn,cmalpha_x0.7,2,0.734,0.62,0.0,0.00/0.00,0.20/1.00,0.37,-,,,
pa28,climbing_turn,clo_+0.1,6,0.734,1.57,1.0,0.08/0.17,0.60/1.00,0.39,0.00/0.00,0.00/0.00,0.0,
pa28,climbing_turn,noop,0,0.734,,,,,,,,,0.0
pa28,elev_doublet_distractor,inertia_x1.6,1,0.768,1.56,3.0,0.05/1.00,0.20/1.00,,0.33/1.00,0.50/1.00,0.77,
pa28,elev_doublet_distractor,cmq_x0.5,1,0.768,1.19,1.0,0.08/1.00,0.20/1.00,0.56,0.00/0.00,1.00/1.00,0.62,
pa28,elev_doublet_distractor,cmalpha_x0.7,4,0.768,0.86,0.0,0.31/1.00,0.60/1.00,0.58,-,,,
pa28,elev_doublet_distractor,clo_+0.1,5,0.768,1.59,1.0,0.15/0.40,0.60/1.00,0.56,0.00/0.00,0.00/0.00,0.0,
pa28,elev_doublet_distractor,noop,2,0.768,,,,,,,,,0.09
pa28,engine_stop,inertia_x1.6,1,0.782,1.59,3.0,0.05/1.00,0.20/1.00,,0.33/1.00,0.33/1.00,0.56,
pa28,engine_stop,cmq_x0.5,1,0.782,0.96,0.0,0.08/1.00,0.20/1.00,0.64,-,,,
pa28,engine_stop,cmalpha_x0.7,0,0.782,1.05,1.0,0.00/0.00,0.00/0.00,0.54,0.00/0.00,0.00/0.00,0.0,
pa28,engine_stop,clo_+0.1,5,0.782,2.01,7.0,0.23/0.60,0.60/1.00,0.47,0.14/0.20,0.50/0.67,0.3,
pa28,engine_stop,noop,0,0.782,,,,,,,,,0.0
pc7,cruise,inertia_x1.6,1,0.785,0.8,0.0,0.05/1.00,0.20/1.00,,-,,,
pc7,cruise,cmq_x0.5,2,0.785,0.77,0.0,0.08/0.50,0.20/1.00,0.6,-,,,
pc7,cruise,cmalpha_x0.7,6,0.785,0.75,0.0,0.15/0.33,0.40/1.00,0.66,-,,,
pc7,cruise,clo_+0.1,7,0.785,1.46,1.0,0.38/0.71,0.40/1.00,0.43,0.00/0.00,0.00/0.00,0.0,
pc7,cruise,noop,0,0.785,,,,,,,,,0.0
pc7,throttle_step,inertia_x1.6,0,0.779,0.82,0.0,0.00/0.00,0.00/0.00,,-,,,
pc7,throttle_step,cmq_x0.5,0,0.779,0.89,0.0,0.00/0.00,0.00/0.00,0.64,-,,,
pc7,throttle_step,cmalpha_x0.7,0,0.779,0.72,0.0,0.00/0.00,0.00/0.00,0.46,-,,,
pc7,throttle_step,clo_+0.1,0,0.779,1.37,5.0,0.00/0.00,0.00/0.00,0.73,0.00/0.00,0.00/0.00,0.71,
pc7,throttle_step,noop,0,0.779,,,,,,,,,0.0
pc7,elev_doublet,inertia_x1.6,2,0.788,0.78,0.0,0.09/1.00,0.20/1.00,,-,,,
pc7,elev_doublet,cmq_x0.5,0,0.788,0.94,0.0,0.00/0.00,0.00/0.00,0.32,-,,,
pc7,elev_doublet,cmalpha_x0.7,2,0.788,1.07,1.0,0.15/1.00,0.40/1.00,0.32,0.00/0.00,0.00/0.00,0.14,
pc7,elev_doublet,clo_+0.1,1,0.788,1.25,1.0,0.08/1.00,0.20/1.00,0.72,0.00/0.00,0.00/0.00,0.0,
pc7,elev_doublet,noop,2,0.788,,,,,,,,,0.09
pc7,elev_step,inertia_x1.6,2,0.78,0.58,0.0,0.09/1.00,0.40/1.00,,-,,,
pc7,elev_step,cmq_x0.5,0,0.78,0.65,0.0,0.00/0.00,0.00/0.00,0.29,-,,,
pc7,elev_step,cmalpha_x0.7,1,0.78,0.83,0.0,0.08/1.00,0.20/1.00,0.62,-,,,
pc7,elev_step,clo_+0.1,3,0.78,1.46,1.0,0.23/1.00,0.20/1.00,0.52,0.00/0.00,0.00/0.00,0.0,
pc7,elev_step,noop,0,0.78,,,,,,,,,0.0
pc7,aileron_step,inertia_x1.6,1,0.761,0.79,0.0,0.05/1.00,0.20/1.00,,-,,,
pc7,aileron_step,cmq_x0.5,1,0.761,0.61,0.0,0.08/1.00,0.20/1.00,0.48,-,,,
pc7,aileron_step,cmalpha_x0.7,1,0.761,0.94,0.0,0.00/0.00,0.20/1.00,0.36,-,,,
pc7,aileron_step,clo_+0.1,5,0.761,1.12,1.0,0.08/0.20,0.80/1.00,0.5,1.00/0.20,1.00/0.25,1.0,
pc7,aileron_step,noop,2,0.761,,,,,,,,,0.09
pc7,rudder_doublet,inertia_x1.6,3,0.782,0.76,0.0,0.14/1.00,0.60/1.00,,-,,,
pc7,rudder_doublet,cmq_x0.5,3,0.782,0.86,0.0,0.23/1.00,0.40/1.00,0.5,-,,,
pc7,rudder_doublet,cmalpha_x0.7,1,0.782,0.91,0.0,0.08/1.00,0.20/1.00,0.52,-,,,
pc7,rudder_doublet,clo_+0.1,6,0.782,1.36,1.0,0.46/1.00,0.60/1.00,0.55,1.00/0.17,1.00/0.33,0.95,
pc7,rudder_doublet,noop,2,0.782,,,,,,,,,0.09
pc7,bank_hold,inertia_x1.6,2,0.774,0.76,0.0,0.09/1.00,0.40/1.00,,-,,,
pc7,bank_hold,cmq_x0.5,6,0.774,0.62,0.0,0.23/0.50,0.60/1.00,0.56,-,,,
pc7,bank_hold,cmalpha_x0.7,3,0.774,0.69,0.0,0.08/0.33,0.40/1.00,0.55,-,,,
pc7,bank_hold,clo_+0.1,7,0.774,1.33,1.0,0.31/0.57,0.80/1.00,0.64,1.00/0.14,1.00/0.25,1.0,
pc7,bank_hold,noop,0,0.774,,,,,,,,,0.0
pc7,flap_extend,inertia_x1.6,2,0.771,0.71,0.0,0.09/1.00,0.40/1.00,,-,,,
pc7,flap_extend,cmq_x0.5,1,0.771,0.77,0.0,0.08/1.00,0.20/1.00,0.6,-,,,
pc7,flap_extend,cmalpha_x0.7,2,0.771,0.89,0.0,0.00/0.00,0.40/1.00,0.59,-,,,
pc7,flap_extend,clo_+0.1,2,0.771,1.38,5.0,0.15/1.00,0.40/1.00,0.54,0.40/1.00,0.67/1.00,0.53,
pc7,flap_extend,noop,2,0.771,,,,,,,,,0.09
pc7,climbing_turn,inertia_x1.6,0,0.713,0.57,0.0,0.00/0.00,0.00/0.00,,-,,,
pc7,climbing_turn,cmq_x0.5,0,0.713,0.48,0.0,0.00/0.00,0.00/0.00,0.44,-,,,
pc7,climbing_turn,cmalpha_x0.7,2,0.713,0.97,0.0,0.15/1.00,0.40/1.00,0.47,-,,,
pc7,climbing_turn,clo_+0.1,12,0.713,1.35,1.0,0.46/0.50,1.00/1.00,0.66,1.00/0.08,1.00/0.20,1.0,
pc7,climbing_turn,noop,1,0.713,,,,,,,,,0.05
pc7,elev_doublet_distractor,inertia_x1.6,3,0.776,0.71,0.0,0.14/1.00,0.40/1.00,,-,,,
pc7,elev_doublet_distractor,cmq_x0.5,3,0.776,0.67,0.0,0.23/1.00,0.60/1.00,0.69,-,,,
pc7,elev_doublet_distractor,cmalpha_x0.7,0,0.776,0.9,0.0,0.00/0.00,0.00/0.00,0.58,-,,,
pc7,elev_doublet_distractor,clo_+0.1,2,0.776,1.39,1.0,0.08/0.50,0.40/1.00,0.48,0.00/0.00,1.00/0.50,0.0,
pc7,elev_doublet_distractor,noop,2,0.776,,,,,,,,,0.09
t6texan2,cruise,inertia_x1.6,0,0.782,0.79,0.0,0.00/0.00,0.00/0.00,,-,,,
t6texan2,cruise,cmq_x0.5,0,0.782,0.17,0.0,0.00/0.00,0.00/0.00,0.47,-,,,
t6texan2,cruise,cmalpha_x0.7,5,0.782,0.4,0.0,0.38/1.00,0.40/1.00,0.56,-,,,
t6texan2,cruise,clo_+0.1,3,0.782,2.52,3.0,0.15/0.67,0.40/1.00,0.67,0.33/0.33,0.67/1.00,0.32,
t6texan2,cruise,noop,0,0.782,,,,,,,,,0.0
t6texan2,throttle_step,inertia_x1.6,2,0.72,0.82,0.0,0.09/1.00,0.40/1.00,,-,,,
t6texan2,throttle_step,cmq_x0.5,4,0.72,0.15,0.0,0.15/0.50,0.40/1.00,0.53,-,,,
t6texan2,throttle_step,cmalpha_x0.7,3,0.72,0.39,0.0,0.15/0.67,0.40/1.00,0.41,-,,,
t6texan2,throttle_step,clo_+0.1,7,0.72,2.56,2.0,0.54/1.00,0.80/1.00,0.82,0.00/0.00,0.50/0.25,0.0,
t6texan2,throttle_step,noop,4,0.72,,,,,,,,,0.18
t6texan2,elev_doublet,inertia_x1.6,4,0.764,0.88,0.0,0.18/1.00,0.60/1.00,,-,,,
t6texan2,elev_doublet,cmq_x0.5,0,0.764,0.14,0.0,0.00/0.00,0.00/0.00,0.84,-,,,
t6texan2,elev_doublet,cmalpha_x0.7,2,0.764,0.55,0.0,0.08/0.50,0.40/1.00,0.63,-,,,
t6texan2,elev_doublet,clo_+0.1,7,0.764,2.18,2.0,0.23/0.43,0.80/1.00,0.37,0.00/0.00,1.00/0.50,0.0,
t6texan2,elev_doublet,noop,0,0.764,,,,,,,,,0.0
t6texan2,elev_step,inertia_x1.6,6,0.77,1.0,1.0,0.27/1.00,0.60/1.00,,0.00/0.00,0.00/0.00,0.76,
t6texan2,elev_step,cmq_x0.5,1,0.77,0.25,0.0,0.08/1.00,0.20/1.00,0.5,-,,,
t6texan2,elev_step,cmalpha_x0.7,4,0.77,1.49,3.0,0.23/0.75,0.40/1.00,0.62,0.33/0.25,0.67/1.00,0.82,
t6texan2,elev_step,clo_+0.1,5,0.77,2.31,2.0,0.23/0.60,0.40/1.00,0.49,0.50/0.20,0.50/0.50,0.5,
t6texan2,elev_step,noop,0,0.77,,,,,,,,,0.0
t6texan2,aileron_step,inertia_x1.6,0,0.781,1.1,2.0,0.00/0.00,0.00/0.00,,0.00/0.00,0.00/0.00,0.42,
t6texan2,aileron_step,cmq_x0.5,0,0.781,0.23,0.0,0.00/0.00,0.00/0.00,0.29,-,,,
t6texan2,aileron_step,cmalpha_x0.7,1,0.781,0.64,0.0,0.08/1.00,0.20/1.00,0.34,-,,,
t6texan2,aileron_step,clo_+0.1,3,0.781,3.17,2.0,0.08/0.33,0.40/1.00,0.56,0.50/0.33,0.50/0.50,0.5,
t6texan2,aileron_step,noop,0,0.781,,,,,,,,,0.0
t6texan2,rudder_doublet,inertia_x1.6,6,0.778,1.06,3.0,0.27/1.00,0.80/1.00,,0.67/0.33,1.00/0.75,0.67,
t6texan2,rudder_doublet,cmq_x0.5,0,0.778,0.2,0.0,0.00/0.00,0.00/0.00,0.32,-,,,
t6texan2,rudder_doublet,cmalpha_x0.7,0,0.778,0.4,0.0,0.00/0.00,0.00/0.00,0.21,-,,,
t6texan2,rudder_doublet,clo_+0.1,1,0.778,2.26,2.0,0.08/1.00,0.20/1.00,0.66,0.50/1.00,0.50/1.00,0.45,
t6texan2,rudder_doublet,noop,0,0.778,,,,,,,,,0.0
t6texan2,bank_hold,inertia_x1.6,6,0.743,0.9,0.0,0.27/1.00,0.80/1.00,,-,,,
t6texan2,bank_hold,cmq_x0.5,3,0.743,0.4,0.0,0.00/0.00,0.60/1.00,0.32,-,,,
t6texan2,bank_hold,cmalpha_x0.7,6,0.743,0.4,0.0,0.46/1.00,0.80/1.00,0.71,-,,,
t6texan2,bank_hold,clo_+0.1,14,0.743,2.96,2.0,0.62/0.57,1.00/1.00,0.57,0.00/0.00,1.00/0.40,0.0,
t6texan2,bank_hold,noop,3,0.743,,,,,,,,,0.14
t6texan2,flap_extend,inertia_x1.6,3,0.737,0.78,0.0,0.14/1.00,0.60/1.00,,-,,,
t6texan2,flap_extend,cmq_x0.5,0,0.737,0.34,0.0,0.00/0.00,0.00/0.00,0.16,-,,,
t6texan2,flap_extend,cmalpha_x0.7,1,0.737,1.33,6.0,0.08/1.00,0.20/1.00,0.65,0.00/0.00,0.00/0.00,0.6,
t6texan2,flap_extend,clo_+0.1,0,0.737,1.9,1.0,0.00/0.00,0.00/0.00,0.05,0.00/0.00,0.00/0.00,0.0,
t6texan2,flap_extend,noop,0,0.737,,,,,,,,,0.0
t6texan2,climbing_turn,inertia_x1.6,5,0.64,0.89,0.0,0.23/1.00,0.60/1.00,,-,,,
t6texan2,climbing_turn,cmq_x0.5,4,0.64,0.46,0.0,0.23/0.75,0.60/1.00,0.61,-,,,
t6texan2,climbing_turn,cmalpha_x0.7,3,0.64,0.64,0.0,0.15/0.67,0.60/1.00,0.56,-,,,
t6texan2,climbing_turn,clo_+0.1,13,0.64,2.87,2.0,0.77/0.77,0.80/1.00,0.73,0.50/0.08,0.50/0.25,0.8,
t6texan2,climbing_turn,noop,3,0.64,,,,,,,,,0.14
t6texan2,elev_doublet_distractor,inertia_x1.6,0,0.751,0.96,0.0,0.00/0.00,0.00/0.00,,-,,,
t6texan2,elev_doublet_distractor,cmq_x0.5,0,0.751,0.14,0.0,0.00/0.00,0.00/0.00,0.28,-,,,
t6texan2,elev_doublet_distractor,cmalpha_x0.7,1,0.751,0.6,0.0,0.00/0.00,0.20/1.00,0.09,-,,,
t6texan2,elev_doublet_distractor,clo_+0.1,2,0.751,2.12,2.0,0.15/1.00,0.20/1.00,0.78,0.00/0.00,0.50/1.00,0.3,
t6texan2,elev_doublet_distractor,noop,0,0.751,,,,,,,,,0.0
